symbol,date,pUp,decide,retNextDayPct,atrPct
AAPL,2024-01-05,0.0565,Down,2.417,1.71
AAPL,2024-01-09,0.1832,Down,0.567,1.73
AAPL,2024-01-11,0.3377,Down,0.178,1.7
AAPL,2024-01-17,0.1367,Down,3.257,1.77
AAPL,2024-01-23,0.8924,Up,-0.348,1.75
AAPL,2024-01-24,0.8786,Up,-0.17,1.66
AAPL,2024-01-25,0.8315,Up,-0.901,1.66
AAPL,2024-01-26,0.6787,Up,-0.359,1.64
AAPL,2024-01-29,0.589,Up,-1.925,1.63
AAPL,2024-01-31,0.1759,Down,1.334,1.81
AAPL,2024-02-02,0.1396,Down,0.985,2.12
AAPL,2024-02-07,0.6461,Up,-0.575,1.86
AAPL,2024-02-20,0.1397,Down,0.419,1.67
AAPL,2024-02-21,0.1998,Down,1.124,1.6
AAPL,2024-02-26,0.1939,Down,0.811,1.53
AAPL,2024-03-07,0.0398,Down,1.024,1.99
AAPL,2024-03-08,0.0725,Down,1.183,2.08
AAPL,2024-03-11,0.2261,Down,0.278,2.06
AAPL,2024-03-13,0.1696,Down,1.093,1.96
AAPL,2024-03-15,0.3043,Down,0.637,1.88
AAPL,2024-03-20,0.6795,Up,-4.086,1.97
AAPL,2024-03-21,0.2707,Down,0.531,2.39
AAPL,2024-03-26,0.1756,Down,2.121,2.08
AAPL,2024-04-02,0.2127,Down,0.48,1.83
AAPL,2024-04-04,0.237,Down,0.45,1.76
AAPL,2024-04-08,0.2215,Down,0.724,1.54
AAPL,2024-04-10,0.2162,Down,4.327,1.48
AAPL,2024-04-12,0.8085,Up,-2.186,1.87
AAPL,2024-04-15,0.5672,Up,-1.917,1.98
AAPL,2024-04-19,0.1307,Down,0.509,2
AAPL,2024-04-22,0.2036,Down,0.639,1.93
AAPL,2024-04-23,0.2634,Down,1.27,1.83
AAPL,2024-04-24,0.4091,Down,0.515,1.81
AAPL,2024-04-29,0.8754,Up,-1.827,1.95
AAPL,2024-04-30,0.5571,Up,-0.605,2.11
AAPL,2024-05-01,0.4199,Down,2.203,2.13
AAPL,2024-05-03,0.9958,Up,-0.911,2.75
AAPL,2024-05-09,0.9173,Up,-0.824,2.2
AAPL,2024-05-21,0.9232,Up,-0.754,1.51
AAPL,2024-05-22,0.8557,Up,-2.106,1.5
AAPL,2024-06-05,0.9205,Up,-0.71,1.43
AAPL,2024-06-07,0.8949,Up,-1.915,1.4
AAPL,2024-06-13,0.9853,Up,-0.817,2.63
AAPL,2024-06-17,0.9841,Up,-1.098,2.56
AAPL,2024-06-18,0.9397,Up,-2.151,2.59
AAPL,2024-06-20,0.7873,Up,-1.044,2.64
AAPL,2024-06-27,0.8721,Up,-1.625,2.35
AAPL,2024-07-10,0.966,Up,-2.322,1.99
AAPL,2024-07-16,0.9183,Up,-2.53,2.15
AAPL,2024-07-17,0.5729,Up,-2.053,2.39
AAPL,2024-07-19,0.5645,Up,-0.156,2.46
AAPL,2024-07-25,0.2856,Down,0.216,2.62
AAPL,2024-07-26,0.329,Down,0.128,2.47
AAPL,2024-07-29,0.2686,Down,0.257,2.36
AAPL,2024-07-30,0.3398,Down,1.499,2.3
AAPL,2024-07-31,0.6394,Up,-1.675,2.26
AAPL,2024-08-06,0.0615,Down,1.25,3.97
AAPL,2024-08-07,0.1398,Down,1.663,3.85
AAPL,2024-08-08,0.3779,Down,1.374,3.62
AAPL,2024-08-09,0.3361,Down,0.597,3.39
AAPL,2024-08-16,0.8045,Up,-0.071,2.41
AAPL,2024-08-20,0.7958,Up,-0.049,2.06
AAPL,2024-08-21,0.7868,Up,-0.826,1.96
AAPL,2024-08-27,0.7364,Up,-0.675,1.84
AAPL,2024-08-29,0.8785,Up,-0.344,1.95
AAPL,2024-08-30,0.7815,Up,-2.721,1.87
AAPL,2024-09-04,0.2857,Down,0.693,2.19
AAPL,2024-09-06,0.3262,Down,0.041,2.21
AAPL,2024-09-10,0.2549,Down,1.159,2.2
AAPL,2024-09-16,0.1035,Down,0.217,2.28
AAPL,2024-09-17,0.21,Down,1.799,2.12
AAPL,2024-09-18,0.4438,Down,3.707,2.17
AAPL,2024-09-19,0.8762,Up,-0.293,2.34
AAPL,2024-09-20,0.8484,Up,-0.758,2.35
AAPL,2024-09-24,0.8196,Up,-0.44,2.17
AAPL,2024-09-30,0.897,Up,-2.914,1.86
AAPL,2024-10-02,0.5647,Up,-0.489,2.16
AAPL,2024-10-04,0.6276,Up,-2.253,2.03
AAPL,2024-10-07,0.2058,Down,1.84,2.13
AAPL,2024-10-09,0.6421,Up,-0.218,2.05
AAPL,2024-10-10,0.6082,Up,-0.651,1.92
AAPL,2024-10-15,0.8681,Up,-0.885,1.87
AAPL,2024-10-21,0.8277,Up,-0.262,1.66
AAPL,2024-10-22,0.7314,Up,-2.162,1.66
AAPL,2024-10-29,0.6354,Up,-1.528,1.61
AAPL,2024-11-04,0.1121,Down,0.649,1.81
AAPL,2024-11-06,0.1722,Down,2.137,1.8
AAPL,2024-11-12,0.3634,Down,0.397,1.72
AAPL,2024-11-13,0.406,Down,1.377,1.72
AAPL,2024-11-15,0.3386,Down,1.342,1.72
AAPL,2024-11-20,0.6176,Up,-0.21,1.72
AAPL,2024-11-26,0.8683,Up,-0.055,1.55
AAPL,2024-12-05,0.9452,Up,-0.082,1.36
AAPL,2024-12-10,0.9492,Up,-0.517,1.38
AAPL,2024-12-17,0.9539,Up,-2.142,1.4
MSFT,2024-01-05,0.3096,Down,1.887,1.4
MSFT,2024-01-16,0.9483,Up,-0.205,1.57
MSFT,2024-01-19,0.9578,Up,-0.542,1.44
MSFT,2024-01-25,0.9516,Up,-0.232,1.42
MSFT,2024-01-29,0.9612,Up,-0.276,1.36
MSFT,2024-01-30,0.9543,Up,-2.695,1.4
MSFT,2024-02-02,0.871,Up,-1.355,1.93
MSFT,2024-02-05,0.7094,Up,-0.039,1.94
MSFT,2024-02-09,0.9074,Up,-1.258,1.66
MSFT,2024-02-12,0.8283,Up,-2.153,1.65
MSFT,2024-02-13,0.4409,Down,0.78,1.85
MSFT,2024-02-14,0.6485,Up,-0.716,1.77
MSFT,2024-02-21,0.3588,Down,2.355,1.62
MSFT,2024-02-22,0.8019,Up,-0.318,1.71
MSFT,2024-02-23,0.6895,Up,-0.682,1.71
MSFT,2024-02-26,0.5773,Up,-0.015,1.65
MSFT,2024-03-01,0.7181,Up,-0.14,1.49
MSFT,2024-03-04,0.7203,Up,-2.957,1.46
MSFT,2024-03-06,0.3419,Down,1.753,1.77
MSFT,2024-03-07,0.5756,Up,-0.714,1.75
MSFT,2024-03-11,0.3159,Down,2.66,1.67
MSFT,2024-03-12,0.788,Up,-0.043,1.76
MSFT,2024-03-14,0.9305,Up,-2.07,1.88
MSFT,2024-03-21,0.8811,Up,-0.147,1.73
MSFT,2024-03-22,0.8494,Up,-1.371,1.62
MSFT,2024-03-25,0.6535,Up,-0.286,1.64
MSFT,2024-03-26,0.6839,Up,-0.052,1.58
MSFT,2024-03-27,0.6471,Up,-0.168,1.54
MSFT,2024-04-01,0.6971,Up,-0.737,1.45
MSFT,2024-04-05,0.7026,Up,-0.219,1.62
MSFT,2024-04-09,0.7042,Up,-0.708,1.52
MSFT,2024-04-11,0.7772,Up,-1.409,1.53
MSFT,2024-04-15,0.3066,Down,0.227,1.85
MSFT,2024-04-19,0.1012,Down,0.461,1.89
MSFT,2024-04-22,0.1369,Down,1.649,1.86
MSFT,2024-04-23,0.2981,Down,0.366,1.83
MSFT,2024-04-25,0.0983,Down,1.824,2.27
MSFT,2024-04-26,0.6834,Up,-1.002,2.39
MSFT,2024-04-30,0.1185,Down,1.441,2.53
MSFT,2024-05-01,0.2322,Down,0.734,2.58
MSFT,2024-05-02,0.3299,Down,2.217,2.4
MSFT,2024-05-06,0.674,Up,-1.016,2.24
MSFT,2024-05-10,0.6901,Up,-0.246,1.72
MSFT,2024-05-15,0.8515,Up,-0.494,1.67
MSFT,2024-05-16,0.7625,Up,-0.185,1.61
MSFT,2024-05-22,0.8663,Up,-0.818,1.53
MSFT,2024-05-28,0.8047,Up,-0.267,1.5
MSFT,2024-05-29,0.6964,Up,-3.379,1.46
MSFT,2024-05-30,0.3027,Down,0.111,1.79
MSFT,2024-06-03,0.2808,Down,0.617,1.93
MSFT,2024-06-04,0.3083,Down,1.908,1.88
MSFT,2024-06-06,0.6636,Up,-0.158,1.75
MSFT,2024-06-17,0.94,Up,-0.453,1.61
MSFT,2024-06-18,0.9153,Up,-0.143,1.55
MSFT,2024-06-21,0.9425,Up,-0.469,1.44
MSFT,2024-06-27,0.8946,Up,-1.303,1.3
MSFT,2024-07-05,0.9274,Up,-0.282,1.46
MSFT,2024-07-08,0.9246,Up,-1.437,1.36
MSFT,2024-07-10,0.8787,Up,-2.477,1.47
MSFT,2024-07-19,0.1166,Down,1.334,1.89
MSFT,2024-07-22,0.359,Down,0.431,1.84
MSFT,2024-07-25,0.0924,Down,1.642,2.27
MSFT,2024-07-26,0.1673,Down,0.343,2.3
MSFT,2024-08-05,0.013,Down,1.129,3.14
MSFT,2024-08-07,0.1264,Down,1.069,3.07
MSFT,2024-08-08,0.1579,Down,0.827,2.88
MSFT,2024-08-09,0.2167,Down,0.195,2.66
MSFT,2024-08-12,0.2962,Down,1.77,2.45
MSFT,2024-08-15,0.7,Up,-0.608,2.01
MSFT,2024-08-20,0.6967,Up,-0.155,1.67
MSFT,2024-08-21,0.6553,Up,-2.025,1.6
MSFT,2024-08-22,0.4036,Down,0.298,1.81
MSFT,2024-08-26,0.3306,Down,0.085,1.76
MSFT,2024-08-28,0.2712,Down,0.614,1.69
MSFT,2024-08-29,0.4373,Down,0.973,1.83
MSFT,2024-08-30,0.5853,Up,-1.846,1.74
MSFT,2024-09-06,0.1626,Down,1.001,2
MSFT,2024-09-09,0.2986,Down,2.09,1.94
MSFT,2024-09-17,0.9381,Up,-0.997,1.94
MSFT,2024-09-19,0.9402,Up,-0.78,1.92
MSFT,2024-09-20,0.8587,Up,-0.404,1.83
MSFT,2024-09-23,0.732,Up,-1.001,1.78
MSFT,2024-09-25,0.6937,Up,-0.185,1.68
MSFT,2024-09-26,0.6596,Up,-0.763,1.65
MSFT,2024-09-30,0.6043,Up,-2.233,1.51
MSFT,2024-10-07,0.1257,Down,1.262,1.65
MSFT,2024-10-08,0.2771,Down,0.663,1.65
MSFT,2024-10-10,0.2795,Down,0.115,1.54
MSFT,2024-10-11,0.343,Down,0.677,1.46
MSFT,2024-10-16,0.2957,Down,0.144,1.6
MSFT,2024-10-21,0.4152,Down,2.085,1.46
MSFT,2024-10-22,0.758,Up,-0.681,1.63
MSFT,2024-10-25,0.7992,Up,-0.364,1.6
MSFT,2024-10-30,0.9061,Up,-6.053,1.56
MSFT,2024-10-31,0.0784,Down,0.989,2.3
MSFT,2024-11-04,0.1847,Down,0.734,2.14
MSFT,2024-11-05,0.2162,Down,2.119,2.06
MSFT,2024-11-07,0.7357,Up,-0.679,1.98
MSFT,2024-11-08,0.6263,Up,-1.072,1.88
MSFT,2024-11-14,0.6941,Up,-2.785,1.95
MSFT,2024-11-15,0.2796,Down,0.183,2.17
MSFT,2024-11-18,0.4215,Down,0.488,2.08
MSFT,2024-11-21,0.3407,Down,1,2.03
MSFT,2024-11-26,0.7558,Up,-1.168,1.91
MSFT,2024-12-09,0.9028,Up,-0.603,1.69
MSFT,2024-12-12,0.8929,Up,-0.509,1.66
MSFT,2024-12-17,0.9103,Up,-3.756,1.54
NVDA,2024-01-03,0.2189,Down,0.902,2.42
NVDA,2024-01-04,0.3808,Down,2.29,2.35
NVDA,2024-01-11,0.9857,Up,-0.204,2.95
NVDA,2024-01-16,0.9711,Up,-0.584,2.79
NVDA,2024-01-25,0.9838,Up,-0.951,2.91
NVDA,2024-01-30,0.9685,Up,-1.986,2.6
NVDA,2024-02-05,0.9938,Up,-1.6,3.07
NVDA,2024-02-07,0.985,Up,-0.653,3.35
NVDA,2024-02-12,0.9677,Up,-0.166,3.33
NVDA,2024-02-14,0.9759,Up,-1.681,3.46
NVDA,2024-02-15,0.9441,Up,-0.062,3.34
NVDA,2024-02-16,0.955,Up,-4.353,3.24
NVDA,2024-02-20,0.6132,Up,-2.851,3.87
NVDA,2024-02-21,0.3328,Down,16.401,4.09
NVDA,2024-03-07,0.9923,Up,-5.548,3.79
NVDA,2024-03-25,0.9212,Up,-2.569,4.13
NVDA,2024-03-26,0.8524,Up,-2.497,4.23
NVDA,2024-04-04,0.306,Down,2.448,4.06
NVDA,2024-04-09,0.2255,Down,1.974,3.96
NVDA,2024-04-10,0.2337,Down,4.11,3.93
NVDA,2024-04-11,0.7273,Up,-2.682,3.84
NVDA,2024-04-15,0.3643,Down,1.644,4.18
NVDA,2024-04-17,0.2568,Down,0.757,4.27
NVDA,2024-05-06,0.8194,Up,-1.721,4.25
NVDA,2024-05-07,0.687,Up,-0.157,4.21
NVDA,2024-05-08,0.7547,Up,-1.842,3.91
NVDA,2024-05-15,0.876,Up,-0.286,3.38
NVDA,2024-05-16,0.8596,Up,-1.992,3.18
NVDA,2024-05-21,0.7561,Up,-0.457,3
NVDA,2024-05-29,0.9844,Up,-3.767,3.95
NVDA,2024-05-30,0.9644,Up,-0.785,4.3
NVDA,2024-06-05,0.9776,Up,-1.178,3.93
NVDA,2024-06-06,0.9758,Up,-0.091,4.25
NVDA,2024-06-10,0.919,Up,-0.723,4.19
NVDA,2024-06-14,0.9693,Up,-0.682,3.77
NVDA,2024-06-18,0.9748,Up,-3.54,3.66
NVDA,2024-06-20,0.9506,Up,-3.219,4.43
NVDA,2024-07-03,0.5582,Up,-1.91,4.46
NVDA,2024-07-10,0.9452,Up,-5.567,3.81
NVDA,2024-07-12,0.6794,Up,-0.619,4.29
NVDA,2024-07-15,0.6159,Up,-1.619,4.18
NVDA,2024-09-26,0.8901,Up,-2.128,4.06
NVDA,2024-10-01,0.3729,Down,1.581,4.3
NVDA,2024-10-02,0.3537,Down,3.366,4.14
NVDA,2024-10-08,0.9717,Up,-0.181,3.77
NVDA,2024-10-10,0.9194,Up,-0.007,3.45
NVDA,2024-10-14,0.9559,Up,-4.686,3.17
NVDA,2024-10-21,0.897,Up,-0.084,3.36
NVDA,2024-10-22,0.9255,Up,-2.807,3.16
NVDA,2024-10-25,0.8196,Up,-0.721,3.11
NVDA,2024-10-29,0.6652,Up,-1.352,2.91
NVDA,2024-10-31,0.2059,Down,1.989,3.44
NVDA,2024-11-07,0.9479,Up,-0.84,3.03
NVDA,2024-11-08,0.892,Up,-1.605,2.97
NVDA,2024-11-12,0.891,Up,-1.362,3.03
NVDA,2024-11-14,0.7338,Up,-3.257,2.88
NVDA,2024-11-18,0.2507,Down,4.895,3.28
NVDA,2024-11-19,0.6753,Up,-0.762,3.34
NVDA,2024-11-21,0.7804,Up,-3.218,4
NVDA,2024-11-25,0.2663,Down,0.662,4.37
NVDA,2024-11-27,0.1032,Down,2.15,4.14
NVDA,2024-11-29,0.2777,Down,0.275,3.9
NVDA,2024-12-02,0.3414,Down,1.176,3.62
NVDA,2024-12-04,0.7962,Up,-0.055,3.31
NVDA,2024-12-05,0.7564,Up,-1.806,3.11
NVDA,2024-12-10,0.1858,Down,3.139,3.75
NVDA,2024-12-18,0.1802,Down,1.373,4.24
AMZN,2024-01-04,0.0925,Down,0.463,2.02
AMZN,2024-01-05,0.1756,Down,2.658,1.93
AMZN,2024-01-11,0.8902,Up,-0.361,2.05
AMZN,2024-01-12,0.8426,Up,-0.944,1.97
AMZN,2024-01-16,0.6594,Up,-0.947,1.97
AMZN,2024-01-19,0.7513,Up,-0.36,1.89
AMZN,2024-01-29,0.9199,Up,-1.401,1.8
AMZN,2024-01-30,0.7955,Up,-2.39,1.85
AMZN,2024-02-02,0.9955,Up,-0.873,2.69
AMZN,2024-02-05,0.9203,Up,-0.681,2.68
AMZN,2024-02-07,0.9552,Up,-0.405,2.37
AMZN,2024-02-09,0.9295,Up,-1.21,2.3
AMZN,2024-02-12,0.8751,Up,-2.147,2.32
AMZN,2024-02-14,0.7947,Up,-0.69,2.43
AMZN,2024-02-15,0.7216,Up,-0.171,2.4
AMZN,2024-02-16,0.6122,Up,-1.434,2.34
AMZN,2024-02-23,0.8595,Up,-0.149,2.21
AMZN,2024-02-26,0.8556,Up,-0.681,2.08
AMZN,2024-02-27,0.7778,Up,-0.219,1.96
AMZN,2024-03-01,0.8521,Up,-0.359,1.82
AMZN,2024-03-04,0.8173,Up,-1.948,1.79
AMZN,2024-03-05,0.6304,Up,-0.35,1.91
AMZN,2024-03-07,0.7545,Up,-0.831,1.96
AMZN,2024-03-08,0.592,Up,-1.933,2.05
AMZN,2024-03-11,0.3498,Down,1.995,2.11
AMZN,2024-03-14,0.7988,Up,-2.422,1.96
AMZN,2024-03-20,0.693,Up,0,1.94
AMZN,2024-03-25,0.7521,Up,-0.785,1.87
AMZN,2024-04-01,0.7797,Up,-0.155,1.7
AMZN,2024-04-03,0.8044,Up,-1.321,1.65
AMZN,2024-04-11,0.9355,Up,-1.545,1.9
AMZN,2024-04-12,0.7488,Up,-1.349,1.96
AMZN,2024-04-15,0.6789,Up,-0.163,2.13
AMZN,2024-04-16,0.5708,Up,-1.113,2.04
AMZN,2024-04-19,0.1299,Down,1.489,2.36
AMZN,2024-04-22,0.3184,Down,1.303,2.34
AMZN,2024-04-25,0.0614,Down,3.426,2.84
AMZN,2024-04-29,0.726,Up,-3.294,2.81
AMZN,2024-04-30,0.3386,Down,2.286,3.14
AMZN,2024-05-07,0.8767,Up,-0.403,2.7
AMZN,2024-05-09,0.8398,Up,-1.066,2.47
AMZN,2024-05-10,0.7017,Up,-0.485,2.37
AMZN,2024-05-15,0.6427,Up,-1.269,2.29
AMZN,2024-05-16,0.4186,Down,0.583,2.29
AMZN,2024-05-24,0.3001,Down,0.775,1.97
AMZN,2024-05-31,0.1501,Down,1.077,2.07
AMZN,2024-06-03,0.281,Down,0.561,1.98
AMZN,2024-06-04,0.2525,Down,1.082,1.96
AMZN,2024-06-06,0.7078,Up,-0.378,1.87
AMZN,2024-06-11,0.8046,Up,-0.182,1.8
AMZN,2024-06-12,0.806,Up,-1.637,1.77
AMZN,2024-06-18,0.4183,Down,1.8,1.79
AMZN,2024-06-21,0.8927,Up,-1.856,1.78
AMZN,2024-06-27,0.9597,Up,-2.325,2.3
AMZN,2024-07-02,0.9312,Up,-1.205,2.41
AMZN,2024-07-05,0.8739,Up,-0.355,2.2
AMZN,2024-07-10,0.8218,Up,-2.372,1.85
AMZN,2024-07-11,0.5919,Up,-0.287,2.14
AMZN,2024-07-15,0.4185,Down,0.156,2.16
AMZN,2024-07-22,0.153,Down,2.114,2.57
AMZN,2024-07-25,0.1871,Down,1.473,2.99
AMZN,2024-07-26,0.2568,Down,0.384,2.8
AMZN,2024-07-30,0.2444,Down,2.9,2.74
AMZN,2024-07-31,0.6861,Up,-1.556,2.75
AMZN,2024-08-01,0.5726,Up,-8.785,3.05
AMZN,2024-08-12,0.2881,Down,2.056,3.92
AMZN,2024-08-15,0.852,Up,-0.298,3.44
AMZN,2024-08-21,0.7961,Up,-2.21,2.5
AMZN,2024-08-23,0.5763,Up,-0.87,2.57
AMZN,2024-08-28,0.2277,Down,0.773,2.51
AMZN,2024-08-29,0.4067,Down,3.707,2.43
AMZN,2024-08-30,0.6394,Up,-1.261,2.54
AMZN,2024-09-04,0.3492,Down,2.631,2.46
AMZN,2024-09-05,0.7334,Up,-3.654,2.57
AMZN,2024-09-06,0.3132,Down,2.34,2.87
AMZN,2024-09-12,0.861,Up,-0.273,2.81
AMZN,2024-09-13,0.8867,Up,-0.858,2.63
AMZN,2024-09-17,0.8605,Up,-0.241,2.49
AMZN,2024-09-24,0.8971,Up,-0.737,2.34
AMZN,2024-09-25,0.849,Up,-0.712,2.17
AMZN,2024-09-26,0.8104,Up,-1.669,2.24
AMZN,2024-09-27,0.574,Up,-0.872,2.25
AMZN,2024-10-03,0.2028,Down,2.501,2.1
AMZN,2024-10-04,0.6612,Up,-3.061,2.18
AMZN,2024-10-07,0.1718,Down,1.062,2.41
AMZN,2024-10-08,0.3855,Down,1.341,2.23
AMZN,2024-10-11,0.6266,Up,-0.678,2.05
AMZN,2024-10-15,0.6389,Up,-0.426,1.97
AMZN,2024-10-22,0.6574,Up,-2.63,1.91
AMZN,2024-10-23,0.3402,Down,0.904,2.14
AMZN,2024-10-30,0.9089,Up,-3.284,1.98
AMZN,2024-11-01,0.9888,Up,-1.086,2.84
AMZN,2024-11-07,0.9762,Up,-0.89,2.64
AMZN,2024-11-08,0.9236,Up,-0.644,2.48
AMZN,2024-11-13,0.9344,Up,-1.224,2.33
AMZN,2024-11-14,0.8682,Up,-4.194,2.36
AMZN,2024-11-22,0.3408,Down,2.197,2.78
AMZN,2024-11-26,0.7179,Up,-1.02,2.67
AMZN,2024-12-06,0.9629,Up,-0.414,2.33
AMZN,2024-12-09,0.9524,Up,-0.464,2.29
AMZN,2024-12-11,0.9519,Up,-0.56,2.29
AMZN,2024-12-12,0.912,Up,-0.659,2.2
AMZN,2024-12-16,0.9425,Up,-0.764,2.15
AMZN,2024-12-17,0.8827,Up,-4.599,2.17
GOOGL,2024-01-03,0.559,Up,-1.821,1.82
GOOGL,2024-01-05,0.3592,Down,2.291,1.84
GOOGL,2024-01-10,0.7986,Up,-0.141,1.84
GOOGL,2024-01-12,0.8616,Up,-0.112,1.88
GOOGL,2024-01-16,0.7761,Up,-0.716,1.9
GOOGL,2024-01-19,0.9255,Up,-0.266,1.94
GOOGL,2024-01-29,0.962,Up,-1.335,1.74
GOOGL,2024-01-30,0.9106,Up,-7.5,1.74
GOOGL,2024-01-31,0.0888,Down,0.757,2.73
GOOGL,2024-02-01,0.366,Down,0.864,2.63
GOOGL,2024-02-02,0.257,Down,0.913,2.83
GOOGL,2024-02-05,0.3733,Down,0.292,2.72
GOOGL,2024-02-06,0.4262,Down,0.999,2.55
GOOGL,2024-02-09,0.8076,Up,-0.987,2.13
GOOGL,2024-02-12,0.654,Up,-1.62,2.04
GOOGL,2024-02-13,0.391,Down,0.551,2.15
GOOGL,2024-02-14,0.582,Up,-2.172,2.08
GOOGL,2024-02-16,0.2024,Down,0.427,2.36
GOOGL,2024-02-20,0.1952,Down,1.013,2.28
GOOGL,2024-02-21,0.3544,Down,1.08,2.15
GOOGL,2024-02-22,0.5661,Up,-0.09,2.07
GOOGL,2024-02-26,0.1673,Down,0.952,2.37
GOOGL,2024-02-28,0.13,Down,1.525,2.32
GOOGL,2024-03-06,0.1181,Down,2.268,2.36
GOOGL,2024-03-07,0.2645,Down,0.766,2.35
GOOGL,2024-03-08,0.2782,Down,1.669,2.42
GOOGL,2024-03-14,0.8753,Up,-1.342,2.25
GOOGL,2024-03-18,0.9836,Up,-0.44,2.87
GOOGL,2024-03-20,0.9098,Up,-0.766,2.54
GOOGL,2024-03-22,0.9356,Up,-0.464,2.5
GOOGL,2024-04-01,0.9062,Up,-0.598,2.17
GOOGL,2024-04-03,0.8698,Up,-2.834,2.08
GOOGL,2024-04-09,0.8705,Up,-0.294,2.18
GOOGL,2024-04-11,0.9262,Up,-1.054,2.04
GOOGL,2024-04-12,0.8064,Up,-1.82,2.05
GOOGL,2024-04-15,0.7019,Up,-0.297,2.21
GOOGL,2024-04-18,0.6189,Up,-1.231,1.97
GOOGL,2024-04-24,0.7792,Up,-1.967,1.93
GOOGL,2024-04-25,0.3105,Down,10.224,2.41
GOOGL,2024-04-26,0.9994,Up,-3.373,3.35
GOOGL,2024-04-29,0.8384,Up,-2.028,3.54
GOOGL,2024-05-07,0.8997,Up,-1.092,2.72
GOOGL,2024-05-09,0.7984,Up,-0.771,2.42
GOOGL,2024-05-21,0.9116,Up,-0.827,1.82
GOOGL,2024-05-22,0.8278,Up,-1.604,1.79
GOOGL,2024-05-28,0.7495,Up,-0.283,1.83
GOOGL,2024-05-29,0.7052,Up,-2.155,1.75
GOOGL,2024-06-06,0.8058,Up,-1.284,1.64
GOOGL,2024-06-12,0.8282,Up,-1.479,1.86
GOOGL,2024-06-17,0.6553,Up,-1.213,1.83
GOOGL,2024-06-21,0.8839,Up,-0.228,1.85
GOOGL,2024-06-25,0.9013,Up,-0.082,1.86
GOOGL,2024-06-27,0.924,Up,-1.758,1.67
GOOGL,2024-07-05,0.9141,Up,-0.824,1.74
GOOGL,2024-07-08,0.8846,Up,-0.026,1.72
GOOGL,2024-07-10,0.9045,Up,-2.934,1.63
GOOGL,2024-07-11,0.6008,Up,-0.269,1.89
GOOGL,2024-07-15,0.6123,Up,-1.399,1.81
GOOGL,2024-07-19,0.2171,Down,2.257,2.19
GOOGL,2024-07-26,0.0876,Down,1.515,2.82
GOOGL,2024-07-29,0.1294,Down,0.448,2.68
GOOGL,2024-07-30,0.1247,Down,0.734,2.53
GOOGL,2024-08-06,0.0693,Down,0.411,3.41
GOOGL,2024-08-07,0.0885,Down,1.944,3.34
GOOGL,2024-08-08,0.1512,Down,1.012,3.23
GOOGL,2024-08-12,0.249,Down,1.152,3.01
GOOGL,2024-08-14,0.1987,Down,0.58,3
GOOGL,2024-08-15,0.2705,Down,1.029,2.75
GOOGL,2024-08-16,0.3006,Down,2.277,2.68
GOOGL,2024-08-20,0.5518,Up,-0.796,2.38
GOOGL,2024-08-29,0.3164,Down,0.989,2.32
GOOGL,2024-09-04,0.098,Down,0.505,2.46
GOOGL,2024-09-10,0.0888,Down,1.682,2.9
GOOGL,2024-09-11,0.1532,Down,2.335,2.82
GOOGL,2024-09-12,0.3862,Down,1.791,2.7
GOOGL,2024-09-20,0.8612,Up,-1.064,1.97
GOOGL,2024-09-24,0.7402,Up,-0.493,1.97
GOOGL,2024-10-01,0.8805,Up,-0.677,1.89
GOOGL,2024-10-02,0.7594,Up,0,1.87
GOOGL,2024-10-04,0.8521,Up,-2.442,1.8
GOOGL,2024-10-08,0.6223,Up,-1.533,1.93
GOOGL,2024-10-09,0.371,Down,0.136,2.12
GOOGL,2024-10-10,0.332,Down,0.716,2.05
GOOGL,2024-10-11,0.4393,Down,1.054,1.99
GOOGL,2024-10-15,0.6791,Up,-0.181,1.93
GOOGL,2024-10-16,0.6146,Up,-1.35,1.84
GOOGL,2024-10-24,0.4327,Down,1.567,1.76
GOOGL,2024-10-30,0.9939,Up,-1.92,2.53
GOOGL,2024-11-01,0.8278,Up,-1.197,2.59
GOOGL,2024-11-07,0.9503,Up,-1.328,2.44
GOOGL,2024-11-12,0.9349,Up,-1.509,2.1
GOOGL,2024-11-13,0.8003,Up,-1.845,2.08
GOOGL,2024-11-14,0.6061,Up,-1.76,2.18
GOOGL,2024-11-15,0.4192,Down,1.629,2.26
GOOGL,2024-11-19,0.5755,Up,-1.201,2.23
GOOGL,2024-11-22,0.161,Down,1.754,3
GOOGL,2024-11-25,0.3119,Down,0.877,2.86
GOOGL,2024-11-26,0.258,Down,0.065,2.64
GOOGL,2024-11-29,0.3325,Down,1.503,2.26
GOOGL,2024-12-02,0.5608,Up,-0.087,2.2
GOOGL,2024-12-04,0.6788,Up,-0.992,2.04
GOOGL,2024-12-11,0.9823,Up,-1.76,2.7
GOOGL,2024-12-12,0.9623,Up,-1.115,2.63
GOOGL,2024-12-16,0.9823,Up,-0.631,2.74
GOOGL,2024-12-17,0.9387,Up,-3.592,2.83
META,2024-01-08,0.8316,Up,-0.343,1.96
META,2024-01-10,0.9481,Up,-0.216,2.15
META,2024-01-12,0.9442,Up,-1.877,2.17
META,2024-01-19,0.9453,Up,-0.436,2.19
META,2024-01-29,0.9641,Up,-0.239,2.12
META,2024-01-30,0.9611,Up,-2.48,2.07
META,2024-02-02,0.9999,Up,-3.28,4.22
META,2024-02-05,0.983,Up,-1.021,4.24
META,2024-02-08,0.9839,Up,-0.402,3.57
META,2024-02-12,0.9343,Up,-1.872,3.19
META,2024-02-15,0.941,Up,-2.213,3.09
META,2024-02-16,0.8271,Up,-0.332,3.15
META,2024-02-20,0.8089,Up,-0.789,3.01
META,2024-02-22,0.9452,Up,-0.432,3.04
META,2024-02-23,0.8533,Up,-0.473,2.97
META,2024-02-27,0.8552,Up,-0.622,2.55
META,2024-03-01,0.9233,Up,-0.818,2.36
META,2024-03-04,0.8884,Up,-1.6,2.28
META,2024-03-07,0.9374,Up,-1.218,2.55
META,2024-03-08,0.824,Up,-4.419,2.87
META,2024-03-11,0.3517,Down,3.342,3.43
META,2024-03-12,0.8236,Up,-0.836,3.38
META,2024-03-13,0.5766,Up,-0.755,3.22
META,2024-03-14,0.557,Up,-1.572,3.17
META,2024-03-15,0.4053,Down,2.661,3.08
META,2024-03-18,0.7744,Up,-0.149,2.96
META,2024-03-19,0.441,Down,1.87,2.99
META,2024-03-22,0.8167,Up,-1.287,2.51
META,2024-03-25,0.6205,Up,-1.417,2.46
META,2024-03-26,0.5525,Up,-0.409,2.56
META,2024-03-28,0.2887,Down,1.188,2.48
META,2024-04-01,0.371,Down,1.225,2.55
META,2024-04-02,0.4103,Down,1.884,2.53
META,2024-04-05,0.9434,Up,-1.534,2.75
META,2024-04-08,0.8527,Up,-0.453,2.74
META,2024-04-11,0.8194,Up,-2.152,2.68
META,2024-04-17,0.2778,Down,1.544,2.88
META,2024-04-19,0.1523,Down,0.137,3.41
META,2024-04-22,0.2773,Down,2.983,3.46
META,2024-04-23,0.5602,Up,-0.524,3.37
META,2024-04-24,0.6075,Up,-10.561,3.63
META,2024-05-03,0.3667,Down,3.036,4.26
META,2024-05-10,0.6984,Up,-1.72,3.08
META,2024-05-13,0.4279,Down,0.82,3.09
META,2024-05-14,0.4405,Down,2.054,3.01
META,2024-05-15,0.7066,Up,-1.726,2.87
META,2024-05-21,0.3655,Down,0.678,2.34
META,2024-05-28,0.6665,Up,-1.159,2.22
META,2024-05-31,0.4033,Down,2.283,2.27
META,2024-06-03,0.6456,Up,-0.105,2.28
META,2024-06-05,0.9078,Up,-0.263,2.32
META,2024-06-06,0.8381,Up,-0.162,2.33
META,2024-06-12,0.9232,Up,-0.932,2.08
META,2024-06-17,0.7878,Up,-1.409,2.05
META,2024-06-20,0.7237,Up,-1.379,2.01
META,2024-06-27,0.8816,Up,-2.952,2.08
META,2024-07-05,0.9216,Up,-1.961,2.53
META,2024-07-10,0.8862,Up,-4.113,2.43
META,2024-07-17,0.0219,Down,3,3.79
META,2024-07-18,0.2578,Down,0.198,3.67
META,2024-07-19,0.1724,Down,2.225,3.48
META,2024-07-22,0.4497,Down,0.265,3.37
META,2024-07-25,0.1277,Down,2.711,3.86
META,2024-07-26,0.3697,Down,0.002,3.73
META,2024-07-30,0.1606,Down,2.513,3.5
META,2024-08-01,0.988,Up,-1.929,4.16
META,2024-08-09,0.8328,Up,-0.352,4.25
META,2024-08-13,0.9105,Up,-0.337,3.71
META,2024-08-15,0.9168,Up,-1.844,3.3
META,2024-08-19,0.7912,Up,-0.482,3.02
META,2024-08-21,0.8064,Up,-0.604,2.67
META,2024-08-22,0.7448,Up,-0.739,2.72
META,2024-08-23,0.7362,Up,-1.303,2.75
META,2024-08-28,0.4137,Down,0.279,2.5
META,2024-08-30,0.5757,Up,-1.832,2.33
META,2024-09-03,0.3493,Down,0.191,2.5
META,2024-09-04,0.3044,Down,0.804,2.48
META,2024-09-06,0.2359,Down,0.904,2.86
META,2024-09-10,0.3295,Down,1.395,2.75
META,2024-09-11,0.4439,Down,2.69,2.81
META,2024-09-12,0.7342,Up,-0.186,2.75
META,2024-09-23,0.9619,Up,-0.191,2.44
META,2024-09-25,0.9479,Up,-0.083,2.42
META,2024-09-26,0.9365,Up,-0.085,2.45
META,2024-10-01,0.9477,Up,-0.635,2.18
META,2024-10-04,0.9606,Up,-1.873,2.12
META,2024-10-08,0.9214,Up,-0.401,2.17
META,2024-10-09,0.8885,Up,-1.131,2.17
META,2024-10-14,0.8473,Up,-0.703,1.95
META,2024-10-15,0.7229,Up,-1.617,1.94
META,2024-10-17,0.6286,Up,-0.08,1.95
META,2024-10-18,0.5521,Up,-0.227,1.89
META,2024-10-22,0.5981,Up,-3.148,1.83
META,2024-10-23,0.2541,Down,0.726,2.17
META,2024-10-24,0.3814,Down,0.963,2.04
META,2024-10-29,0.8003,Up,-0.249,2.11
META,2024-10-30,0.9138,Up,-4.093,2.1
META,2024-11-04,0.2232,Down,2.096,2.45
META,2024-11-06,0.3085,Down,3.435,2.47
META,2024-11-07,0.827,Up,-0.399,2.59
META,2024-11-08,0.751,Up,-1.047,2.44
META,2024-11-12,0.7482,Up,-0.824,2.54
META,2024-11-13,0.5564,Up,-0.49,2.46
META,2024-11-15,0.1273,Down,0.058,2.72
META,2024-11-18,0.2078,Down,1.207,2.59
META,2024-11-19,0.2073,Down,0.79,2.47
META,2024-11-22,0.3299,Down,1.068,2.49
META,2024-11-26,0.5867,Up,-0.757,2.44
META,2024-12-04,0.9355,Up,-0.79,2.45
META,2024-12-06,0.9547,Up,-1.635,2.5
META,2024-12-11,0.9147,Up,-0.299,2.56
META,2024-12-12,0.8818,Up,-1.655,2.43
META,2024-12-16,0.8723,Up,-0.769,2.37
META,2024-12-17,0.7527,Up,-3.592,2.41
TSLA,2024-01-05,0.1454,Down,1.246,3.3
TSLA,2024-01-12,0.0228,Down,0.466,3.55
TSLA,2024-01-18,0.042,Down,0.146,3.9
TSLA,2024-01-22,0.0525,Down,0.163,4.02
TSLA,2024-02-08,0.2165,Down,2.115,4.42
TSLA,2024-02-13,0.0926,Down,2.549,4.12
TSLA,2024-02-14,0.3039,Down,6.221,3.87
TSLA,2024-02-15,0.6661,Up,-0.249,3.97
TSLA,2024-02-16,0.6864,Up,-3.096,3.83
TSLA,2024-02-20,0.3307,Down,0.521,4.17
TSLA,2024-02-22,0.5733,Up,-2.756,3.98
TSLA,2024-02-23,0.2076,Down,3.87,3.97
TSLA,2024-02-28,0.7111,Up,-0.079,3.82
TSLA,2024-03-01,0.6689,Up,-7.156,3.64
TSLA,2024-03-22,0.1446,Down,1.054,4.35
TSLA,2024-03-25,0.19,Down,2.92,4.23
TSLA,2024-03-27,0.6652,Up,-2.247,4.24
TSLA,2024-04-03,0.1133,Down,1.621,4.42
TSLA,2024-05-14,0.666,Up,-2.005,4.44
TSLA,2024-05-17,0.6068,Up,-1.414,4.08
TSLA,2024-05-21,0.798,Up,-3.478,4.05
TSLA,2024-05-24,0.5824,Up,-1.389,4.25
TSLA,2024-05-29,0.237,Down,1.476,3.96
TSLA,2024-05-30,0.5966,Up,-0.397,3.93
TSLA,2024-06-04,0.3392,Down,0.132,3.81
TSLA,2024-06-05,0.4343,Down,1.68,3.61
TSLA,2024-06-11,0.2378,Down,3.885,3.6
TSLA,2024-06-13,0.9405,Up,-2.444,4.22
TSLA,2024-06-17,0.84,Up,-1.376,4.49
TSLA,2024-06-18,0.7931,Up,-1.78,4.31
TSLA,2024-06-21,0.6502,Up,-0.235,3.86
TSLA,2024-07-10,0.9883,Up,-8.444,4.41
TSLA,2024-09-17,0.7031,Up,-0.294,4.29
TSLA,2024-09-19,0.9421,Up,-2.325,4.36
TSLA,2024-09-25,0.9432,Up,-1.089,3.68
TSLA,2024-09-30,0.8796,Up,-1.38,3.5
TSLA,2024-10-01,0.8145,Up,-3.488,3.87
TSLA,2024-10-04,0.7193,Up,-3.699,4.36
TSLA,2024-10-07,0.2434,Down,1.524,4.45
TSLA,2024-10-23,0.1243,Down,21.919,3.36
TSLA,2024-11-04,0.2203,Down,3.541,4.45
TSLA,2024-12-11,0.9914,Up,-1.57,4.38
TSLA,2024-12-17,0.9942,Up,-8.279,4.26
NFLX,2024-01-02,0.2489,Down,0.376,2.39
NFLX,2024-01-03,0.3034,Down,0.938,2.32
NFLX,2024-01-05,0.4069,Down,2.314,2.3
NFLX,2024-01-08,0.6085,Up,-0.606,2.26
NFLX,2024-01-11,0.8992,Up,-0.014,2.69
NFLX,2024-01-12,0.8618,Up,-2.219,2.61
NFLX,2024-01-18,0.6305,Up,-0.486,2.53
NFLX,2024-01-29,0.9893,Up,-2.247,3.39
NFLX,2024-02-01,0.9321,Up,-0.506,2.92
NFLX,2024-02-02,0.8784,Up,-0.457,2.67
NFLX,2024-02-05,0.8186,Up,-1.1,2.77
NFLX,2024-02-07,0.8308,Up,-0.138,2.64
NFLX,2024-02-09,0.8582,Up,-0.618,2.33
NFLX,2024-02-12,0.7485,Up,-0.597,2.3
NFLX,2024-02-15,0.9514,Up,-1.602,2.43
NFLX,2024-02-16,0.8941,Up,-1.51,2.58
NFLX,2024-02-20,0.7598,Up,-0.31,2.65
NFLX,2024-02-22,0.8976,Up,-0.834,2.51
NFLX,2024-02-27,0.9341,Up,-0.863,2.34
NFLX,2024-03-01,0.9234,Up,-0.567,2.29
NFLX,2024-03-04,0.9219,Up,-2.814,2.2
NFLX,2024-03-05,0.6258,Up,-0.135,2.49
NFLX,2024-03-07,0.7821,Up,-0.606,2.44
NFLX,2024-03-08,0.6544,Up,-0.643,2.46
NFLX,2024-03-12,0.7597,Up,-0.267,2.44
NFLX,2024-03-14,0.8074,Up,-1.163,2.27
NFLX,2024-03-20,0.8543,Up,-0.793,2.34
NFLX,2024-03-22,0.8611,Up,-0.088,2.15
NFLX,2024-03-26,0.7981,Up,-2.497,2.07
NFLX,2024-03-28,0.4343,Down,1.149,2.29
NFLX,2024-04-03,0.7074,Up,-2.054,2.17
NFLX,2024-04-05,0.8716,Up,-1.221,2.44
NFLX,2024-04-08,0.7056,Up,-1.625,2.37
NFLX,2024-04-10,0.3964,Down,1.649,2.35
NFLX,2024-04-11,0.7353,Up,-0.946,2.31
NFLX,2024-04-15,0.3311,Down,1.708,2.64
NFLX,2024-04-22,0.0524,Down,4.174,3.73
NFLX,2024-04-24,0.0596,Down,1.744,3.95
NFLX,2024-04-30,0.1267,Down,0.194,3.19
NFLX,2024-05-01,0.1568,Down,2.436,3.15
NFLX,2024-05-02,0.3563,Down,2.511,2.99
NFLX,2024-05-09,0.8841,Up,-0.199,2.56
NFLX,2024-05-13,0.8324,Up,-0.475,2.51
NFLX,2024-05-14,0.7426,Up,-0.023,2.47
NFLX,2024-05-15,0.8114,Up,-0.489,2.47
NFLX,2024-05-21,0.9154,Up,-1.559,2.45
NFLX,2024-05-22,0.8497,Up,-0.749,2.42
NFLX,2024-05-29,0.8192,Up,-1.063,2.29
NFLX,2024-05-30,0.7918,Up,-0.933,2.25
NFLX,2024-05-31,0.7025,Up,-1.22,2.39
NFLX,2024-06-03,0.5838,Up,-0.342,2.5
NFLX,2024-06-05,0.723,Up,-0.269,2.46
NFLX,2024-06-06,0.6584,Up,-1.087,2.42
NFLX,2024-06-18,0.9407,Up,-0.968,2.14
NFLX,2024-06-21,0.9411,Up,-2.492,2.05
NFLX,2024-06-27,0.8176,Up,-1.382,2.03
NFLX,2024-06-28,0.605,Up,-0.188,2.06
NFLX,2024-07-05,0.7946,Up,-0.711,1.98
NFLX,2024-07-08,0.7338,Up,0,1.9
NFLX,2024-07-09,0.7988,Up,-1.18,1.85
NFLX,2024-07-10,0.5909,Up,-3.674,1.9
NFLX,2024-07-12,0.148,Down,1.367,2.29
NFLX,2024-07-19,0.3048,Down,2.236,3.23
NFLX,2024-07-30,0.1536,Down,0.927,3
NFLX,2024-08-05,0.0209,Down,1.841,3.33
NFLX,2024-08-06,0.1793,Down,0.313,3.35
NFLX,2024-08-07,0.2066,Down,3.086,3.39
NFLX,2024-08-20,0.9619,Up,-0.203,2.58
NFLX,2024-08-21,0.9344,Up,-1.171,2.43
NFLX,2024-08-22,0.8598,Up,-0.324,2.43
NFLX,2024-08-27,0.8413,Up,-1.708,2.36
NFLX,2024-08-30,0.8935,Up,-3.711,2.33
NFLX,2024-09-06,0.3019,Down,1.449,2.68
NFLX,2024-09-13,0.722,Up,-0.08,2.54
NFLX,2024-09-17,0.8768,Up,-2.326,2.33
NFLX,2024-09-19,0.8744,Up,-0.467,2.55
NFLX,2024-09-24,0.8605,Up,-0.097,2.31
NFLX,2024-09-25,0.8628,Up,-1.404,2.17
NFLX,2024-09-26,0.74,Up,-0.573,2.34
NFLX,2024-09-30,0.6661,Up,-0.443,2.09
NFLX,2024-10-02,0.6165,Up,-0.603,2.09
NFLX,2024-10-04,0.8028,Up,-2.47,1.99
NFLX,2024-10-07,0.4401,Down,2.827,2.21
NFLX,2024-10-10,0.7966,Up,-1.027,2.06
NFLX,2024-10-11,0.7184,Up,-1.354,2.08
NFLX,2024-10-14,0.6201,Up,-0.985,2.11
NFLX,2024-10-17,0.2439,Down,11.087,2.28
NFLX,2024-10-21,0.9474,Up,-1.014,2.98
NFLX,2024-10-22,0.8917,Up,-1.956,2.8
NFLX,2024-10-25,0.7274,Up,-0.737,2.52
NFLX,2024-10-29,0.7563,Up,-0.751,2.33
NFLX,2024-11-01,0.6814,Up,-0.078,2.03
NFLX,2024-11-07,0.9262,Up,-0.188,2.04
NFLX,2024-11-14,0.9691,Up,-1.589,1.78
NFLX,2024-11-22,0.9764,Up,-3.587,2.36
NFLX,2024-12-06,0.9521,Up,-2.252,2.14
NFLX,2024-12-09,0.8269,Up,-0.037,2.37
NFLX,2024-12-11,0.937,Up,-1.176,2.3
NFLX,2024-12-12,0.8238,Up,-0.722,2.22
NFLX,2024-12-16,0.8261,Up,-0.212,2.02
NFLX,2024-12-17,0.7751,Up,-3.218,1.93
NFLX,2024-12-18,0.3411,Down,1.404,2.27
AMD,2024-01-03,0.2457,Down,0.51,3.64
AMD,2024-01-04,0.2959,Down,1.89,3.5
AMD,2024-01-09,0.9031,Up,-0.482,3.5
AMD,2024-01-10,0.9231,Up,-0.35,3.43
AMD,2024-01-11,0.887,Up,-0.986,3.59
AMD,2024-01-19,0.9936,Up,-3.472,4.28
AMD,2024-01-25,0.9909,Up,-1.708,4.46
AMD,2024-01-29,0.955,Up,-3.245,4.19
AMD,2024-01-30,0.8014,Up,-2.54,4.45
AMD,2024-02-02,0.8838,Up,-1.931,4.32
AMD,2024-02-07,0.719,Up,-0.93,4.43
AMD,2024-02-09,0.6123,Up,-0.33,4.04
AMD,2024-02-12,0.5699,Up,-0.215,4.03
AMD,2024-02-13,0.4489,Down,4.174,4.19
AMD,2024-02-14,0.8593,Up,-1.086,4.02
AMD,2024-02-15,0.782,Up,-1.635,3.92
AMD,2024-02-16,0.6295,Up,-4.705,4
AMD,2024-02-21,0.1656,Down,10.695,4.33
AMD,2024-03-04,0.9827,Up,-0.112,4.31
AMD,2024-03-07,0.9718,Up,-1.888,3.9
AMD,2024-04-15,0.1082,Down,1.959,4.46
AMD,2024-04-24,0.2549,Down,1.331,4.41
AMD,2024-04-29,0.6278,Up,-1.136,4
AMD,2024-05-13,0.2044,Down,1.727,3.46
AMD,2024-05-14,0.3349,Down,4.25,3.36
AMD,2024-05-20,0.9073,Up,-1.004,3.43
AMD,2024-05-22,0.8423,Up,-3.075,3.29
AMD,2024-05-28,0.8806,Up,-3.77,4.18
AMD,2024-05-29,0.437,Down,0.975,4.47
AMD,2024-05-31,0.7009,Up,-2.007,4.41
AMD,2024-06-07,0.6264,Up,-4.486,4.01
AMD,2024-06-11,0.3247,Down,0.805,4.17
AMD,2024-06-18,0.161,Down,4.624,3.66
AMD,2024-06-20,0.5855,Up,-0.34,4.04
AMD,2024-06-26,0.3725,Down,1.225,3.7
AMD,2024-06-27,0.3415,Down,1.718,3.48
AMD,2024-06-28,0.5695,Up,-2.787,3.55
AMD,2024-07-01,0.2693,Down,4.198,3.89
AMD,2024-07-02,0.6223,Up,-0.25,3.87
AMD,2024-07-08,0.9692,Up,-0.89,3.65
AMD,2024-07-10,0.9811,Up,-1.098,3.76
AMD,2024-07-11,0.9405,Up,-0.181,4.02
AMD,2024-07-12,0.8958,Up,-0.98,4.03
AMD,2024-07-15,0.8525,Up,-1.268,4.04
AMD,2024-07-16,0.7165,Up,-10.206,3.94
AMD,2024-08-21,0.9196,Up,-3.872,4.15
AMD,2024-08-23,0.8325,Up,-3.22,4.24
AMD,2024-08-29,0.3104,Down,2.11,4.25
AMD,2024-09-09,0.2124,Down,3.395,4.45
AMD,2024-09-13,0.897,Up,-0.151,3.73
AMD,2024-09-16,0.7989,Up,-0.829,3.54
AMD,2024-09-17,0.7636,Up,-1.678,3.52
AMD,2024-09-19,0.9171,Up,-0.504,3.83
AMD,2024-09-26,0.9677,Up,-1.875,3.25
AMD,2024-09-27,0.856,Up,-0.164,3.28
AMD,2024-09-30,0.8129,Up,-2.639,3.08
AMD,2024-10-08,0.9368,Up,-1.03,3.12
AMD,2024-10-09,0.9111,Up,-4,3.09
AMD,2024-10-11,0.6366,Up,-1.561,3.55
AMD,2024-10-16,0.2098,Down,0.077,3.72
AMD,2024-10-18,0.2127,Down,1.237,3.33
AMD,2024-10-23,0.1773,Down,0.347,3.22
AMD,2024-10-24,0.2925,Down,1.818,3.03
AMD,2024-10-29,0.8846,Up,-10.617,3.12
AMD,2024-11-04,0.0498,Down,0.675,4.22
AMD,2024-11-05,0.0593,Down,2.428,3.85
AMD,2024-11-06,0.3394,Down,3.253,3.64
AMD,2024-11-15,0.05,Down,2.987,3.54
AMD,2024-11-18,0.286,Down,0.331,3.56
AMD,2024-11-21,0.2481,Down,0.626,3.49
AMD,2024-11-22,0.3021,Down,2.009,3.21
AMD,2024-11-27,0.199,Down,0.69,3.43
AMD,2024-11-29,0.2519,Down,3.557,3.22
AMD,2024-12-02,0.5666,Up,-0.056,3.23
AMD,2024-12-04,0.7067,Up,-1.827,2.85
AMD,2024-12-10,0.0676,Down,1.887,3.73
AMD,2024-12-11,0.1086,Down,0.346,3.68
AVGO,2024-01-04,0.2467,Down,0.026,2.43
AVGO,2024-01-05,0.261,Down,2.437,2.28
AVGO,2024-01-16,0.8037,Up,-1.013,2.13
AVGO,2024-01-24,0.9878,Up,-1.904,2.72
AVGO,2024-01-25,0.9673,Up,-2.042,2.96
AVGO,2024-01-29,0.8549,Up,-0.789,2.74
AVGO,2024-01-30,0.7445,Up,-2.331,2.65
AVGO,2024-01-31,0.3924,Down,1.696,2.74
AVGO,2024-02-05,0.8382,Up,-1.645,2.48
AVGO,2024-02-09,0.8311,Up,-1.437,2.78
AVGO,2024-02-12,0.8255,Up,-1.055,2.77
AVGO,2024-02-15,0.7971,Up,-1.549,2.77
AVGO,2024-02-20,0.3942,Down,0.073,2.81
AVGO,2024-02-21,0.4132,Down,6.31,2.71
AVGO,2024-02-22,0.9584,Up,-0.654,3.07
AVGO,2024-02-26,0.901,Up,-0.985,2.8
AVGO,2024-02-27,0.8321,Up,-0.525,2.65
AVGO,2024-03-04,0.9539,Up,-4.244,3.02
AVGO,2024-03-07,0.969,Up,-6.986,3.49
AVGO,2024-03-13,0.2047,Down,0.35,4.28
AVGO,2024-03-15,0.228,Down,0.141,3.92
AVGO,2024-03-18,0.2915,Down,0.062,3.73
AVGO,2024-03-19,0.1362,Down,3.069,3.62
AVGO,2024-03-22,0.8763,Up,-0.14,3.99
AVGO,2024-03-25,0.8261,Up,-1.486,3.67
AVGO,2024-03-26,0.806,Up,-0.958,3.73
AVGO,2024-04-01,0.6451,Up,-0.852,3.32
AVGO,2024-04-02,0.4081,Down,1.826,3.37
AVGO,2024-04-03,0.6928,Up,-3.353,3.37
AVGO,2024-04-05,0.6373,Up,-0.249,3.81
AVGO,2024-04-09,0.6362,Up,-0.878,3.62
AVGO,2024-04-10,0.3741,Down,4.544,3.37
AVGO,2024-04-11,0.829,Up,-2.777,3.46
AVGO,2024-04-19,0.0624,Down,1.639,4.11
AVGO,2024-04-22,0.1779,Down,2.02,3.86
AVGO,2024-04-23,0.1854,Down,0.611,3.63
AVGO,2024-04-24,0.323,Down,2.992,3.56
AVGO,2024-04-26,0.8717,Up,-0.405,3.55
AVGO,2024-04-29,0.7892,Up,-2.865,3.36
AVGO,2024-05-02,0.278,Down,3.192,3.76
AVGO,2024-05-03,0.4255,Down,2.519,3.63
AVGO,2024-05-08,0.6599,Up,-1.486,3.24
AVGO,2024-05-15,0.9211,Up,-1.674,3.1
AVGO,2024-05-16,0.8727,Up,-1.193,3.12
AVGO,2024-05-20,0.8681,Up,-1.049,2.87
AVGO,2024-05-21,0.6833,Up,-0.497,2.71
AVGO,2024-05-28,0.739,Up,-1.542,2.41
AVGO,2024-05-29,0.5738,Up,-1.912,2.41
AVGO,2024-06-03,0.289,Down,0.675,2.92
AVGO,2024-06-04,0.2287,Down,6.182,2.76
AVGO,2024-06-05,0.7492,Up,-0.836,3.04
AVGO,2024-06-17,0.9976,Up,-1.441,4.03
AVGO,2024-06-18,0.9935,Up,-3.77,4.03
AVGO,2024-06-20,0.9795,Up,-4.377,4.27
AVGO,2024-06-25,0.3585,Down,0.709,4.44
AVGO,2024-06-27,0.3894,Down,1.189,3.94
AVGO,2024-07-03,0.9191,Up,-1.498,3.43
AVGO,2024-07-08,0.907,Up,-0.719,3.42
AVGO,2024-07-10,0.8931,Up,-2.22,3.31
AVGO,2024-07-11,0.717,Up,-0.31,3.69
AVGO,2024-07-15,0.6315,Up,-1.19,3.32
AVGO,2024-07-16,0.5742,Up,-7.911,3.42
AVGO,2024-07-17,0.0358,Down,2.911,4.39
AVGO,2024-07-19,0.1904,Down,2.358,4.41
AVGO,2024-07-22,0.3707,Down,1.683,4.2
AVGO,2024-08-20,0.8033,Up,-0.102,4.43
AVGO,2024-08-21,0.774,Up,-2.075,4.13
AVGO,2024-08-23,0.7811,Up,-4.051,4.33
AVGO,2024-08-30,0.7053,Up,-6.16,4.29
AVGO,2024-09-26,0.9283,Up,-3.032,3.47
AVGO,2024-09-27,0.692,Up,-0.11,3.62
AVGO,2024-09-30,0.6398,Up,-2.916,3.4
AVGO,2024-10-01,0.4131,Down,1.905,3.57
AVGO,2024-10-04,0.8648,Up,-0.883,3.29
AVGO,2024-10-09,0.89,Up,-0.14,3.41
AVGO,2024-10-10,0.8744,Up,-2.267,3.23
AVGO,2024-10-14,0.8445,Up,-3.472,3.35
AVGO,2024-10-15,0.4146,Down,0.477,3.68
AVGO,2024-10-17,0.786,Up,-0.903,3.57
AVGO,2024-10-21,0.5592,Up,-0.339,3.22
AVGO,2024-10-22,0.5773,Up,-3.272,3.04
AVGO,2024-10-24,0.2501,Down,0.963,3.23
AVGO,2024-10-28,0.2601,Down,4.197,2.98
AVGO,2024-10-29,0.561,Up,-1.451,3.15
AVGO,2024-11-04,0.2456,Down,3.174,3.21
AVGO,2024-11-05,0.4188,Down,3.249,3.14
AVGO,2024-11-07,0.901,Up,-0.092,3.02
AVGO,2024-11-08,0.8411,Up,-2.576,2.85
AVGO,2024-11-11,0.6917,Up,-1.504,3.04
AVGO,2024-11-15,0.0645,Down,0.504,3.38
AVGO,2024-11-20,0.1174,Down,0.423,3.03
AVGO,2024-11-21,0.2467,Down,0.177,3.09
AVGO,2024-11-22,0.2403,Down,0.359,2.87
AVGO,2024-11-27,0.1027,Down,1.509,3.06
AVGO,2024-11-29,0.2009,Down,2.733,2.91
AVGO,2024-12-03,0.4086,Down,1.433,2.88
AVGO,2024-12-04,0.828,Up,-0.053,3.02
AVGO,2024-12-06,0.8999,Up,-0.329,3.21
AVGO,2024-12-09,0.8758,Up,-3.985,3.14
AVGO,2024-12-11,0.9757,Up,-1.386,3.84
ADBE,2024-01-05,0.0801,Down,2.825,1.87
ADBE,2024-01-08,0.304,Down,0.973,1.96
ADBE,2024-01-09,0.3924,Down,0.824,1.93
ADBE,2024-01-11,0.7057,Up,-0.159,1.88
ADBE,2024-01-16,0.6283,Up,-0.264,1.74
ADBE,2024-01-18,0.4443,Down,3.007,1.9
ADBE,2024-01-19,0.7984,Up,-1.302,2.1
ADBE,2024-01-22,0.7391,Up,-1.062,2.24
ADBE,2024-01-25,0.9163,Up,-1.389,2.43
ADBE,2024-01-29,0.8771,Up,-0.36,2.45
ADBE,2024-01-30,0.8599,Up,-1.621,2.33
ADBE,2024-02-02,0.8074,Up,-0.671,2.4
ADBE,2024-02-05,0.7328,Up,-3.705,2.31
ADBE,2024-02-06,0.3433,Down,1.435,2.65
ADBE,2024-02-09,0.6283,Up,-2.451,2.3
ADBE,2024-02-13,0.2058,Down,0.46,2.59
ADBE,2024-02-22,0.0793,Down,2.952,3.44
ADBE,2024-02-23,0.1524,Down,1.272,3.37
ADBE,2024-02-28,0.2546,Down,1.533,3.05
ADBE,2024-03-06,0.2384,Down,2.384,3
ADBE,2024-03-08,0.2286,Down,1.582,2.81
ADBE,2024-03-11,0.3957,Down,3.34,2.67
ADBE,2024-03-12,0.8165,Up,-0.965,2.69
ADBE,2024-03-13,0.7106,Up,-0.54,2.63
ADBE,2024-03-14,0.7364,Up,-13.672,2.54
ADBE,2024-03-22,0.1922,Down,1.543,3.87
ADBE,2024-03-25,0.1814,Down,0.073,3.67
ADBE,2024-03-27,0.2517,Down,0.04,3.44
ADBE,2024-04-08,0.1174,Down,1.708,2.61
ADBE,2024-04-15,0.1191,Down,1.302,2.56
ADBE,2024-04-19,0.1365,Down,0.402,2.37
ADBE,2024-04-22,0.1958,Down,1.287,2.31
ADBE,2024-04-23,0.2527,Down,0.892,2.2
ADBE,2024-04-25,0.1733,Down,0.87,2.13
ADBE,2024-04-30,0.1522,Down,1.417,2.3
ADBE,2024-05-01,0.2099,Down,1.53,2.46
ADBE,2024-05-06,0.8041,Up,-0.267,2.21
ADBE,2024-05-07,0.7822,Up,-0.847,2.13
ADBE,2024-05-08,0.6585,Up,-1.117,2.1
ADBE,2024-05-09,0.5626,Up,-0.075,2.08
ADBE,2024-05-14,0.2749,Down,1.975,2.24
ADBE,2024-05-15,0.6021,Up,-0.509,2.28
ADBE,2024-05-21,0.4326,Down,0.432,1.93
ADBE,2024-05-24,0.275,Down,0.631,2.05
ADBE,2024-06-03,0.0474,Down,2.13,2.97
ADBE,2024-06-04,0.1184,Down,1.657,2.85
ADBE,2024-06-05,0.1827,Down,0.511,2.73
ADBE,2024-06-06,0.3767,Down,1.593,2.7
ADBE,2024-06-10,0.29,Down,0.598,2.7
ADBE,2024-06-13,0.4454,Down,14.511,2.48
ADBE,2024-06-14,0.9998,Up,-1.251,3.8
ADBE,2024-06-21,0.9879,Up,-1.738,3.35
ADBE,2024-07-05,0.9674,Up,-0.508,2.2
ADBE,2024-07-08,0.932,Up,-1.63,2.25
ADBE,2024-07-09,0.8581,Up,-0.26,2.29
ADBE,2024-07-10,0.8312,Up,-1.226,2.19
ADBE,2024-07-16,0.7867,Up,-0.609,2.03
ADBE,2024-07-17,0.7238,Up,-1.108,2.01
ADBE,2024-07-18,0.6662,Up,-1.051,1.95
ADBE,2024-07-22,0.651,Up,-1.588,1.95
ADBE,2024-07-24,0.1425,Down,0.209,2.2
ADBE,2024-07-25,0.2277,Down,1.934,2.27
ADBE,2024-07-29,0.2748,Down,0.391,2.2
ADBE,2024-07-30,0.3837,Down,2.402,2.22
ADBE,2024-07-31,0.7427,Up,-0.95,2.28
ADBE,2024-08-05,0.0337,Down,0.958,3.33
ADBE,2024-08-07,0.1452,Down,3.236,3.18
ADBE,2024-08-08,0.4086,Down,1.143,3.11
ADBE,2024-08-15,0.8268,Up,-0.126,2.57
ADBE,2024-08-19,0.8348,Up,-0.154,2.36
ADBE,2024-08-21,0.8579,Up,-1.476,2.14
ADBE,2024-08-27,0.7197,Up,-1.282,2.16
ADBE,2024-08-30,0.8533,Up,-0.587,2.13
ADBE,2024-09-04,0.7664,Up,-1.272,2.3
ADBE,2024-09-05,0.6418,Up,-0.796,2.32
ADBE,2024-09-12,0.9111,Up,-8.47,2.41
ADBE,2024-09-18,0.0506,Down,3.603,3.49
ADBE,2024-09-20,0.2425,Down,1.066,3.31
ADBE,2024-09-26,0.2295,Down,0.019,2.68
ADBE,2024-09-27,0.2331,Down,0.446,2.44
ADBE,2024-10-01,0.1257,Down,0.599,2.47
ADBE,2024-10-03,0.1192,Down,0.679,2.32
ADBE,2024-10-07,0.0767,Down,1.835,2.49
ADBE,2024-10-09,0.1816,Down,1.921,2.27
ADBE,2024-10-11,0.2202,Down,2.872,2.45
ADBE,2024-10-14,0.6435,Up,-0.318,2.56
ADBE,2024-10-15,0.5626,Up,-1.081,2.51
ADBE,2024-10-18,0.2229,Down,0.568,2.34
ADBE,2024-10-24,0.169,Down,0.176,2.16
ADBE,2024-10-28,0.1785,Down,0.904,1.99
ADBE,2024-10-29,0.2342,Down,0.266,1.94
ADBE,2024-10-31,0.1899,Down,0.987,1.98
ADBE,2024-11-04,0.2185,Down,1.053,1.9
ADBE,2024-11-05,0.3755,Down,3.785,1.8
ADBE,2024-11-06,0.8091,Up,-0.775,2.02
ADBE,2024-11-07,0.7709,Up,-1.246,2.17
ADBE,2024-11-13,0.9002,Up,-0.494,2.62
ADBE,2024-11-14,0.8953,Up,-5.001,2.57
ADBE,2024-11-20,0.3798,Down,0.989,2.71
ADBE,2024-11-21,0.4132,Down,1.528,2.73
ADBE,2024-11-26,0.8393,Up,-2.212,2.4
ADBE,2024-12-06,0.9562,Up,-0.91,2.42
ADBE,2024-12-09,0.9305,Up,-0.161,2.4
ADBE,2024-12-11,0.9179,Up,-13.693,2.23
CRM,2024-01-05,0.2288,Down,3.883,1.71
CRM,2024-01-12,0.9277,Up,-1.008,1.99
CRM,2024-01-19,0.9454,Up,-0.206,2.03
CRM,2024-01-22,0.9421,Up,-1.259,2.03
CRM,2024-01-29,0.9355,Up,-0.045,1.92
CRM,2024-01-30,0.9344,Up,-2.308,1.79
CRM,2024-02-05,0.8469,Up,-0.791,1.91
CRM,2024-02-08,0.8947,Up,-0.223,1.84
CRM,2024-02-09,0.8813,Up,-1.366,1.79
CRM,2024-02-12,0.7135,Up,-2.147,1.77
CRM,2024-02-13,0.3097,Down,2.845,2.08
CRM,2024-02-15,0.7956,Up,-0.76,2.02
CRM,2024-02-16,0.686,Up,-1.149,1.96
CRM,2024-02-20,0.5681,Up,-0.992,2.03
CRM,2024-02-21,0.351,Down,3.562,2.15
CRM,2024-02-22,0.8933,Up,-0.289,2.3
CRM,2024-02-26,0.9081,Up,-0.296,2.45
CRM,2024-03-01,0.9592,Up,-0.707,2.67
CRM,2024-03-04,0.9331,Up,-5.05,2.5
CRM,2024-03-06,0.8484,Up,-0.444,2.96
CRM,2024-03-12,0.7662,Up,-0.633,2.52
CRM,2024-03-13,0.6344,Up,-0.446,2.4
CRM,2024-03-14,0.6175,Up,-2.964,2.42
CRM,2024-03-15,0.2942,Down,2.1,2.59
CRM,2024-03-19,0.4195,Down,1.536,2.38
CRM,2024-03-21,0.7617,Up,-0.201,2.23
CRM,2024-03-22,0.7718,Up,-0.556,2.1
CRM,2024-03-25,0.5596,Up,-0.075,2.05
CRM,2024-03-26,0.6744,Up,-1.455,1.92
CRM,2024-03-28,0.3869,Down,0.359,2.01
CRM,2024-04-01,0.4494,Down,0.576,1.89
CRM,2024-04-02,0.3997,Down,0.243,2.05
CRM,2024-04-03,0.5563,Up,-3.478,1.95
CRM,2024-04-04,0.2659,Down,2.642,2.62
CRM,2024-04-08,0.4468,Down,0.212,2.48
CRM,2024-04-15,0.0144,Down,1.653,3.17
CRM,2024-04-19,0.0517,Down,1.272,2.72
CRM,2024-04-22,0.3238,Down,1.048,2.82
CRM,2024-04-25,0.1241,Down,0.421,2.61
CRM,2024-04-26,0.268,Down,0.529,2.44
CRM,2024-05-01,0.1237,Down,1.28,2.46
CRM,2024-05-02,0.2676,Down,0.562,2.36
CRM,2024-05-03,0.3985,Down,0.72,2.3
CRM,2024-05-06,0.419,Down,0.562,2.15
CRM,2024-05-09,0.2553,Down,0.545,2.13
CRM,2024-05-14,0.4334,Down,3.88,1.84
CRM,2024-05-15,0.8578,Up,-0.995,2.05
CRM,2024-05-20,0.8025,Up,-1.153,1.77
CRM,2024-05-22,0.5832,Up,-1.85,1.71
CRM,2024-05-28,0.1869,Down,0.663,2.25
CRM,2024-06-13,0.0899,Down,1.271,3.82
CRM,2024-06-17,0.1052,Down,0.577,3.41
CRM,2024-06-18,0.1529,Down,4.31,3.11
CRM,2024-06-21,0.6257,Up,-2.089,3.06
CRM,2024-06-24,0.4232,Down,0.759,3
CRM,2024-06-28,0.8424,Up,-0.346,2.91
CRM,2024-07-01,0.8546,Up,-0.008,2.78
CRM,2024-07-05,0.8885,Up,-2.211,2.37
CRM,2024-07-08,0.6527,Up,-1.919,2.41
CRM,2024-07-11,0.4309,Down,1.135,2.5
CRM,2024-07-16,0.6728,Up,-1.879,2.22
CRM,2024-07-18,0.3626,Down,0.113,2.39
CRM,2024-07-19,0.3595,Down,2.605,2.27
CRM,2024-07-23,0.6703,Up,-2.453,2.2
CRM,2024-07-24,0.3318,Down,2.698,2.33
CRM,2024-07-26,0.8473,Up,-1.568,2.7
CRM,2024-07-29,0.6515,Up,-0.255,2.77
CRM,2024-07-31,0.6523,Up,-2.218,2.66
CRM,2024-08-06,0.1277,Down,0.679,3.52
CRM,2024-08-07,0.1849,Down,3.783,3.48
CRM,2024-08-09,0.5864,Up,-0.483,3.15
CRM,2024-08-19,0.8715,Up,-1.334,2.29
CRM,2024-08-20,0.7604,Up,-0.286,2.24
CRM,2024-08-21,0.7266,Up,-0.958,2.1
CRM,2024-08-26,0.734,Up,-0.407,2.08
CRM,2024-08-27,0.5828,Up,-2.006,2.11
CRM,2024-08-29,0.8128,Up,-1.599,2.79
CRM,2024-09-06,0.1374,Down,0.734,2.75
CRM,2024-09-09,0.2311,Down,0.163,2.66
CRM,2024-09-10,0.2495,Down,1.385,2.52
CRM,2024-09-11,0.3109,Down,1.523,2.58
CRM,2024-09-16,0.7219,Up,-0.669,2.18
CRM,2024-09-17,0.7007,Up,-1.082,2.14
CRM,2024-09-20,0.8969,Up,-0.971,2.72
CRM,2024-09-27,0.9225,Up,-1.059,2.36
CRM,2024-09-30,0.8266,Up,-1.038,2.43
CRM,2024-10-04,0.9512,Up,-1.105,2.3
CRM,2024-10-08,0.9532,Up,-1.252,2.29
CRM,2024-10-10,0.8861,Up,-0.713,2.16
CRM,2024-10-14,0.8895,Up,-1.128,1.97
CRM,2024-10-18,0.8429,Up,-0.563,1.84
CRM,2024-10-21,0.6706,Up,-1.016,1.82
CRM,2024-10-22,0.6347,Up,-1.353,1.8
CRM,2024-10-29,0.8737,Up,-0.833,1.94
CRM,2024-10-30,0.8074,Up,-1.697,1.84
CRM,2024-11-04,0.8398,Up,-0.174,2.02
CRM,2024-11-11,0.9929,Up,-0.17,2.76
CRM,2024-11-13,0.9885,Up,-2.947,2.79
CRM,2024-11-14,0.9384,Up,-1.927,3.1
CRM,2024-11-15,0.7676,Up,-0.925,3.05
CRM,2024-11-22,0.9398,Up,-0.851,2.8
CRM,2024-11-26,0.9358,Up,-3.838,2.6
CRM,2024-11-27,0.5871,Up,-0.006,2.92
CRM,2024-12-04,0.9986,Up,-1.764,3.36
CRM,2024-12-06,0.96,Up,-2.879,3.15
CRM,2024-12-09,0.8433,Up,-0.782,3.23
CRM,2024-12-12,0.7652,Up,-1.039,2.92
CRM,2024-12-16,0.7213,Up,-1.752,2.88
CRM,2024-12-17,0.6662,Up,-3.915,2.85