date,predLabel,probUp,trueLabel,trueRet
2022-03-01,Up,0.82,Up,0.031648
2022-03-02,Up,0.82,Down,-0.020892
2022-03-03,Up,0.82,Down,-0.032808
2022-03-04,Up,0.82,Down,-0.069062
2022-03-07,Down,0.2445,Up,0.007587
2022-03-08,Up,0.82,Up,0.069722
2022-03-09,Up,0.82,Down,-0.015469
2022-03-10,Up,0.82,Down,-0.024627
2022-03-11,Up,0.82,Down,-0.034842
2022-03-14,Up,0.82,Up,0.077028
2022-03-15,Up,0.82,Up,0.066295
2022-03-16,Up,0.82,Up,0.011022
2022-03-17,Up,0.82,Up,0.068118
2022-03-18,Up,0.82,Up,0.010623
2022-03-21,Up,0.82,Down,-0.007855
2022-03-22,Up,0.82,Down,-0.033554
2022-03-23,Up,0.82,Up,0.098151
2022-03-24,Up,0.82,Down,-0.016270
2022-03-25,Up,0.82,Up,0.019031
2022-03-28,Up,0.82,Up,0.015486
2022-03-29,Up,0.82,Down,-0.033710
2022-03-30,Up,0.82,Down,-0.014590
2022-03-31,Up,0.82,Down,-0.021036
2022-04-01,Up,0.82,Up,0.024259
2022-04-04,Up,0.82,Down,-0.052230
2022-04-05,Up,0.82,Down,-0.058771
2022-04-06,Up,0.82,Down,-0.008153
2022-04-07,Neutral,0.5685,Down,-0.044985
2022-04-08,Neutral,0.5549,Down,-0.051992
2022-04-11,Down,0.2687,Down,-0.018844
2022-04-12,Neutral,0.5107,Up,0.032506
2022-04-13,Up,0.7765,Down,-0.042562
2022-04-14,Up,0.82,Up,0.024697
2022-04-18,Up,0.82,Up,0.019052
2022-04-19,Up,0.82,Down,-0.032255
2022-04-20,Up,0.82,Down,-0.060469
2022-04-21,Up,0.82,Down,-0.033097
2022-04-22,Up,0.82,Up,0.019831
2022-04-25,Up,0.82,Down,-0.055974
2022-04-26,Up,0.82,Down,-0.019853
2022-04-27,Up,0.7455,Up,0.074233
2022-04-28,Up,0.82,Down,-0.062430
2022-04-29,Up,0.82,Up,0.053162
2022-05-02,Up,0.82,Up,0.003532
2022-05-03,Up,0.82,Up,0.037343
2022-05-04,Up,0.82,Down,-0.073276
2022-05-05,Up,0.82,Down,-0.008968
2022-05-06,Up,0.82,Down,-0.092369
2022-05-09,Up,0.82,Up,0.038053
2022-05-10,Up,0.82,Down,-0.054845
2022-05-11,Up,0.6612,Down,-0.027360
2022-05-12,Up,0.82,Up,0.094652
2022-05-13,Up,0.82,Down,-0.024963
2022-05-16,Up,0.82,Up,0.052885
2022-05-17,Up,0.82,Down,-0.068163
2022-05-18,Up,0.82,Up,0.010981
2022-05-19,Up,0.82,Down,-0.025111
2022-05-20,Up,0.82,Up,0.012220
2022-05-23,Up,0.82,Down,-0.044029
2022-05-24,Up,0.82,Up,0.050823
2022-05-25,Up,0.82,Up,0.051605
2022-05-26,Up,0.82,Up,0.053779
2022-05-27,Up,0.82,Down,-0.007389
2022-05-31,Up,0.82,Down,-0.018852
2022-06-01,Up,0.82,Up,0.069432
2022-06-02,Up,0.82,Down,-0.044508
2022-06-03,Up,0.82,Up,0.003526
2022-06-06,Up,0.82,Up,0.007452
2022-06-07,Up,0.82,Down,-0.014689
2022-06-08,Up,0.82,Down,-0.032175
2022-06-09,Up,0.82,Down,-0.059508
2022-06-10,Up,0.82,Down,-0.078178
2022-06-13,Up,0.761,Up,0.012079
2022-06-14,Up,0.6649,Up,0.043635
2022-06-15,Up,0.82,Down,-0.056030
2022-06-16,Up,0.82,Up,0.017883
2022-06-17,Up,0.82,Up,0.043199
2022-06-21,Up,0.82,Down,-0.012435
2022-06-22,Up,0.82,Down,-0.008252
2022-06-23,Up,0.82,Up,0.055532
2022-06-24,Up,0.82,Down,-0.015006
2022-06-27,Up,0.82,Down,-0.052582
2022-06-28,Up,0.82,Down,-0.027531
2022-06-29,Up,0.82,Down,-0.024643
2022-06-30,Up,0.82,Down,-0.041955
2022-07-01,Up,0.7027,Up,0.030366
2022-07-05,Up,0.82,Up,0.011093
2022-07-06,Up,0.82,Up,0.048116
2022-07-07,Up,0.82,Down,-0.001261
2022-07-08,Up,0.82,Down,-0.043314
2022-07-11,Up,0.82,Down,-0.004620
2022-07-12,Up,0.82,Up,0.005437
2022-07-13,Up,0.82,Up,0.013717
2022-07-14,Up,0.82,Up,0.025371
2022-07-15,Up,0.82,Up,0.021507
2022-07-18,Up,0.82,Up,0.055338
2022-07-19,Up,0.82,Up,0.047964
2022-07-20,Up,0.82,Up,0.013646
2022-07-21,Up,0.82,Down,-0.040499
2022-07-22,Up,0.82,Down,-0.017033
2022-07-25,Up,0.82,Down,-0.028842
2022-07-26,Up,0.82,Up,0.076030
2022-07-27,Up,0.82,Up,0.010905
2022-07-28,Up,0.82,Up,0.009953
2022-07-29,Up,0.82,Up,0.015306
2022-08-01,Up,0.82,Up,0.004609
2022-08-02,Up,0.82,Up,0.019810
2022-08-03,Up,0.82,Up,0.017043
2022-08-04,Up,0.82,Down,-0.011762
2022-08-05,Up,0.82,Down,-0.062984
2022-08-08,Up,0.82,Down,-0.039735
2022-08-09,Up,0.82,Up,0.059171
2022-08-10,Up,0.82,Down,-0.008565
2022-08-11,Up,0.82,Up,0.042749
2022-08-12,Up,0.82,Up,0.017264
2022-08-15,Up,0.82,Down,-0.008039
2022-08-16,Up,0.82,Down,-0.028815
2022-08-17,Up,0.82,Up,0.023889
2022-08-18,Up,0.82,Down,-0.049220
2022-08-19,Up,0.82,Down,-0.045661
2022-08-22,Up,0.82,Up,0.008630
2022-08-23,Up,0.82,Up,0.002386
2022-08-24,Up,0.82,Up,0.040123
2022-08-25,Up,0.82,Down,-0.092279
2022-08-26,Up,0.82,Down,-0.028229
2022-08-29,Up,0.82,Down,-0.021075
2022-08-30,Up,0.82,Down,-0.024179
2022-08-31,Up,0.82,Down,-0.076653
2022-09-01,Neutral,0.5739,Down,-0.020808
2022-09-02,Down,0.3541,Down,-0.013336
2022-09-06,Neutral,0.5477,Up,0.018492
2022-09-07,Up,0.82,Up,0.020125
2022-09-08,Up,0.82,Up,0.028377
2022-09-09,Up,0.82,Up,0.008202
2022-09-12,Up,0.82,Down,-0.094726
2022-09-13,Up,0.82,Down,-0.000228
2022-09-14,Up,0.82,Down,-0.015158
2022-09-15,Up,0.82,Up,0.020806
2022-09-16,Up,0.82,Up,0.013942
2022-09-19,Up,0.82,Down,-0.015394
2022-09-20,Up,0.82,Up,0.006451
2022-09-21,Up,0.82,Down,-0.052786
2022-09-22,Up,0.82,Down,-0.003583
2022-09-23,Up,0.82,Down,-0.023011
2022-09-26,Up,0.82,Up,0.015129
2022-09-27,Up,0.82,Up,0.026021
2022-09-28,Up,0.82,Down,-0.040515
2022-09-29,Up,0.82,Down,-0.006629
2022-09-30,Up,0.82,Up,0.030727
2022-10-03,Up,0.82,Up,0.052350
2022-10-04,Up,0.82,Up,0.003190
2022-10-05,Up,0.82,Down,-0.005981
2022-10-06,Up,0.82,Down,-0.080274
2022-10-07,Up,0.82,Down,-0.033620
2022-10-10,Up,0.82,Down,-0.007198
2022-10-11,Up,0.82,Down,-0.007423
2022-10-12,Up,0.7124,Up,0.040000
2022-10-13,Up,0.82,Down,-0.061288
2022-10-14,Up,0.82,Up,0.058876
2022-10-17,Up,0.82,Up,0.006645
2022-10-18,Up,0.82,Up,0.007019
2022-10-19,Up,0.82,Up,0.011866
2022-10-20,Up,0.82,Up,0.022306
2022-10-21,Up,0.82,Up,0.010669
2022-10-24,Up,0.82,Up,0.052544
2022-10-25,Up,0.82,Down,-0.027524
2022-10-26,Up,0.82,Up,0.021712
2022-10-27,Up,0.82,Up,0.049939
2022-10-28,Up,0.82,Down,-0.024360
2022-10-31,Up,0.82,Up,0.003408
2022-11-01,Up,0.82,Down,-0.023924
2022-11-02,Up,0.82,Up,0.015281
2022-11-03,Up,0.82,Up,0.054765
2022-11-04,Up,0.82,Up,0.010243
2022-11-07,Up,0.82,Up,0.021048
2022-11-08,Up,0.82,Down,-0.056568
2022-11-09,Up,0.82,Up,0.143293
2022-11-10,Up,0.82,Up,0.036635
2022-11-11,Up,0.82,Down,-0.001960
2022-11-14,Up,0.82,Up,0.022768
2022-11-15,Up,0.82,Down,-0.045362
2022-11-16,Up,0.82,Down,-0.014645
2022-11-17,Up,0.82,Down,-0.017095
2022-11-18,Up,0.82,Down,-0.005971
2022-11-21,Up,0.82,Up,0.047072
2022-11-22,Up,0.82,Up,0.029991
2022-11-23,Up,0.82,Down,-0.015073
2022-11-25,Up,0.82,Down,-0.027228
2022-11-28,Up,0.82,Down,-0.011878
2022-11-29,Up,0.82,Up,0.082102
2022-11-30,Up,0.82,Up,0.012527
2022-12-01,Up,0.82,Down,-0.015115
2022-12-02,Up,0.82,Down,-0.015762
2022-12-05,Up,0.82,Down,-0.037508
2022-12-06,Up,0.82,Up,0.008319
2022-12-07,Up,0.82,Up,0.065074
2022-12-08,Up,0.82,Down,-0.009785
2022-12-09,Up,0.82,Up,0.031410
2022-12-12,Up,0.82,Up,0.030625
2022-12-13,Up,0.82,Down,-0.022023
2022-12-14,Up,0.82,Down,-0.040851
2022-12-15,Up,0.82,Down,-0.022475
2022-12-16,Up,0.82,Down,-0.019130
2022-12-19,Up,0.82,Down,-0.010397
2022-12-20,Up,0.82,Up,0.025863
2022-12-21,Up,0.82,Down,-0.070420
2022-12-22,Up,0.82,Down,-0.008671
2022-12-23,Up,0.8084,Down,-0.071353
2022-12-27,Up,0.8179,Down,-0.006019
2022-12-28,Neutral,0.5754,Up,0.040396
2022-12-29,Up,0.82,Up,0.000753
2022-12-30,Up,0.82,Down,-0.020460
2023-01-03,Up,0.82,Up,0.030318
2023-01-04,Up,0.82,Down,-0.032816
2023-01-05,Up,0.82,Up,0.041640
2023-01-06,Up,0.82,Up,0.051753
2023-01-09,Up,0.82,Up,0.017981
2023-01-10,Up,0.82,Up,0.005783
2023-01-11,Up,0.82,Up,0.031873
2023-01-12,Up,0.82,Up,0.023500
2023-01-13,Up,0.82,Up,0.047518
2023-01-17,Up,0.82,Down,-0.018359
2023-01-18,Up,0.82,Down,-0.035219
2023-01-19,Up,0.82,Up,0.064062
2023-01-20,Up,0.82,Up,0.075901
2023-01-23,Up,0.82,Up,0.003751
2023-01-24,Up,0.82,Up,0.003011
2023-01-25,Up,0.82,Up,0.024789
2023-01-26,Up,0.82,Up,0.028431
2023-01-27,Up,0.82,Down,-0.059072
2023-01-30,Up,0.82,Up,0.019570
2023-01-31,Up,0.82,Up,0.071966
2023-02-01,Up,0.82,Up,0.036575
2023-02-02,Up,0.82,Down,-0.028053
2023-02-03,Up,0.82,Down,-0.000521
2023-02-06,Up,0.82,Up,0.051401
2023-02-07,Up,0.82,Up,0.001443
2023-02-08,Up,0.82,Up,0.005945
2023-02-09,Up,0.82,Down,-0.047992
2023-02-10,Up,0.82,Up,0.024594
2023-02-13,Up,0.82,Up,0.054296
2023-02-14,Up,0.82,Down,-0.009011
2023-02-15,Up,0.82,Down,-0.033474
2023-02-16,Up,0.82,Down,-0.027907
2023-02-17,Up,0.82,Down,-0.034272
2023-02-21,Up,0.82,Up,0.004793
2023-02-22,Up,0.82,Up,0.140214
2023-02-23,Up,0.82,Down,-0.015974
2023-02-24,Up,0.82,Up,0.009233
2023-02-27,Up,0.82,Down,-0.012127
2023-02-28,Up,0.82,Down,-0.022312
2023-03-01,Up,0.82,Up,0.027139
2023-03-02,Up,0.82,Up,0.024706
2023-03-03,Up,0.82,Down,-0.014064
2023-03-06,Up,0.82,Down,-0.011293
2023-03-07,Up,0.82,Up,0.038346
2023-03-08,Up,0.82,Down,-0.030809
2023-03-09,Up,0.82,Down,-0.020097
2023-03-10,Up,0.82,Up,0.000044
2023-03-13,Up,0.82,Up,0.047766
2023-03-14,Up,0.82,Up,0.006857
2023-03-15,Up,0.82,Up,0.054193
2023-03-16,Up,0.82,Up,0.007204
2023-03-17,Up,0.82,Up,0.006803
2023-03-20,Up,0.82,Up,0.011544
2023-03-21,Up,0.82,Up,0.010268
2023-03-22,Up,0.82,Up,0.027316
2023-03-23,Up,0.82,Down,-0.015152
2023-03-24,Up,0.82,Down,-0.009261
2023-03-27,Up,0.82,Down,-0.004561
2023-03-28,Up,0.82,Up,0.021734
2023-03-29,Up,0.82,Up,0.014787
2023-03-30,Up,0.82,Up,0.014389
2023-03-31,Up,0.82,Up,0.006768
2023-04-03,Up,0.82,Down,-0.018309
2023-04-04,Up,0.82,Down,-0.020836
2023-04-05,Up,0.82,Up,0.005803
2023-04-06,Up,0.82,Up,0.020047
2023-04-10,Up,0.82,Down,-0.014866
2023-04-11,Up,0.82,Down,-0.024808
2023-04-12,Up,0.82,Down,-0.001208
2023-04-13,Up,0.82,Up,0.011148
2023-04-14,Up,0.82,Up,0.009119
2023-04-17,Up,0.82,Up,0.024628
2023-04-18,Up,0.82,Up,0.009542
2023-04-19,Up,0.82,Down,-0.029609
2023-04-20,Up,0.82,Up,0.000553
2023-04-21,Up,0.82,Down,-0.002839
2023-04-24,Up,0.82,Down,-0.029621
2023-04-25,Up,0.82,Up,0.027247
2023-04-26,Up,0.82,Up,0.010016
2023-04-27,Up,0.82,Up,0.019210
2023-04-28,Up,0.82,Up,0.041839
2023-05-01,Up,0.82,Down,-0.024213
2023-05-02,Up,0.82,Down,-0.014463
2023-05-03,Up,0.82,Down,-0.008632
2023-05-04,Up,0.82,Up,0.040563
2023-05-05,Up,0.82,Up,0.016423
2023-05-08,Up,0.82,Down,-0.019896
2023-05-09,Up,0.82,Up,0.010990
2023-05-10,Up,0.82,Down,-0.010628
2023-05-11,Up,0.82,Down,-0.008328
2023-05-12,Up,0.82,Up,0.021630
2023-05-15,Up,0.82,Up,0.008980
2023-05-16,Up,0.82,Up,0.033033
2023-05-17,Up,0.82,Up,0.049705
2023-05-18,Up,0.82,Down,-0.013069
2023-05-19,Up,0.82,Down,-0.002815
2023-05-22,Up,0.82,Down,-0.015653
2023-05-23,Up,0.82,Down,-0.004888
2023-05-24,Up,0.82,Up,0.243696
2023-05-25,Up,0.82,Up,0.025434
2023-05-26,Up,0.82,Up,0.029913
2023-05-30,Up,0.82,Down,-0.056767
2023-05-31,Up,0.82,Up,0.051171
2023-06-01,Up,0.82,Down,-0.011139
2023-06-02,Up,0.82,Down,-0.003967
2023-06-05,Up,0.82,Down,-0.013199
2023-06-06,Up,0.82,Down,-0.030501
2023-06-07,Up,0.82,Up,0.027618
2023-06-08,Up,0.82,Up,0.006752
2023-06-09,Up,0.82,Up,0.018365
2023-06-12,Up,0.82,Up,0.039005
2023-06-13,Up,0.82,Up,0.048145
2023-06-14,Up,0.82,Down,-0.008001
2023-06-15,Up,0.82,Up,0.000914
2023-06-16,Up,0.82,Up,0.026141
2023-06-20,Up,0.82,Down,-0.017417
2023-06-21,Up,0.82,Down,-0.000465
2023-06-22,Up,0.82,Down,-0.018966
2023-06-23,Up,0.82,Down,-0.037362
2023-06-26,Up,0.82,Up,0.030616
2023-06-27,Up,0.82,Down,-0.018125
2023-06-28,Up,0.82,Down,-0.007175
2023-06-29,Up,0.82,Up,0.036255
2023-06-30,Up,0.82,Up,0.002624
2023-07-03,Up,0.82,Down,-0.002263
2023-07-05,Up,0.82,Down,-0.005057
2023-07-06,Up,0.82,Up,0.009500
2023-07-07,Up,0.82,Down,-0.007599
2023-07-10,Up,0.82,Up,0.005334
2023-07-11,Up,0.82,Up,0.035302
2023-07-12,Up,0.82,Up,0.047264
2023-07-13,Up,0.82,Down,-0.011049
2023-07-14,Up,0.82,Up,0.021817
2023-07-17,Up,0.82,Up,0.022234
2023-07-18,Up,0.82,Down,-0.008780
2023-07-19,Up,0.82,Down,-0.033073
2023-07-20,Up,0.82,Down,-0.026604
2023-07-21,Up,0.82,Up,0.006838
2023-07-24,Up,0.82,Up,0.023917
2023-07-25,Up,0.82,Down,-0.004969
2023-07-26,Up,0.82,Up,0.009857
2023-07-27,Up,0.82,Up,0.018518
2023-07-28,Up,0.82,Down,-0.000449
2023-07-31,Up,0.82,Down,-0.004751
2023-08-01,Up,0.82,Down,-0.048122
2023-08-02,Up,0.82,Up,0.005557
2023-08-03,Up,0.82,Up,0.003707
2023-08-04,Up,0.82,Up,0.016495
2023-08-07,Up,0.82,Down,-0.016580
2023-08-08,Up,0.82,Down,-0.047242
2023-08-09,Up,0.82,Down,-0.003901
2023-08-10,Up,0.7446,Down,-0.036166
2023-08-11,Neutral,0.5111,Up,0.070934
2023-08-14,Up,0.82,Up,0.004274
2023-08-15,Up,0.82,Down,-0.010332
2023-08-16,Up,0.82,Down,-0.003265
2023-08-17,Up,0.82,Down,-0.001038
2023-08-18,Up,0.82,Up,0.084713
2023-08-21,Up,0.82,Down,-0.027658
2023-08-22,Up,0.82,Up,0.031707
2023-08-23,Up,0.82,Up,0.000997
2023-08-24,Up,0.82,Down,-0.024277
2023-08-25,Up,0.82,Up,0.017754
2023-08-28,Up,0.82,Up,0.041614
2023-08-29,Up,0.82,Up,0.009839
2023-08-30,Up,0.82,Up,0.001847
2023-08-31,Up,0.82,Down,-0.017141
2023-09-01,Up,0.82,Up,0.000804
2023-09-05,Up,0.82,Down,-0.030629
2023-09-06,Up,0.82,Down,-0.017424
2023-09-07,Up,0.82,Down,-0.014468
2023-09-08,Up,0.7982,Down,-0.008646
2023-09-11,Up,0.8087,Down,-0.006818
2023-09-12,Up,0.5974,Up,0.013706
2023-09-13,Up,0.82,Up,0.002111
2023-09-14,Up,0.82,Down,-0.036879
2023-09-15,Up,0.82,Up,0.001503
2023-09-18,Up,0.82,Down,-0.010144
2023-09-19,Up,0.7545,Down,-0.029435
2023-09-20,Neutral,0.4925,Down,-0.028931
2023-09-21,Down,0.3334,Up,0.014457
2023-09-22,Up,0.787,Up,0.014708
2023-09-25,Up,0.82,Down,-0.007366
2023-09-26,Up,0.82,Up,0.013290
2023-09-27,Up,0.82,Up,0.014623
2023-09-28,Up,0.82,Up,0.009515
2023-09-29,Up,0.82,Up,0.029495
2023-10-02,Up,0.82,Down,-0.028248
2023-10-03,Up,0.82,Up,0.012041
2023-10-04,Up,0.82,Up,0.014691
2023-10-05,Up,0.82,Up,0.024033
2023-10-06,Up,0.82,Down,-0.010686
2023-10-09,Up,0.82,Up,0.011596
2023-10-10,Up,0.82,Up,0.022010
2023-10-11,Up,0.82,Up,0.002970
2023-10-12,Up,0.82,Down,-0.031611
2023-10-13,Up,0.82,Up,0.013946
2023-10-16,Up,0.82,Down,-0.046795
2023-10-17,Up,0.82,Down,-0.039647
2023-10-18,Down,0.2185,Down,-0.002251
2023-10-19,Down,0.2,Down,-0.016959
2023-10-20,Down,0.2,Up,0.038369
2023-10-23,Up,0.5993,Up,0.016009
2023-10-24,Up,0.82,Down,-0.043149
2023-10-25,Up,0.82,Down,-0.034778
2023-10-26,Up,0.6348,Up,0.004315
2023-10-27,Up,0.7342,Up,0.016321
2023-10-30,Up,0.6963,Down,-0.009256
2023-10-31,Up,0.6331,Up,0.037886
2023-11-01,Up,0.82,Up,0.027903
2023-11-02,Up,0.82,Up,0.034455
2023-11-03,Up,0.82,Up,0.016576
2023-11-06,Up,0.82,Up,0.004459
2023-11-07,Up,0.82,Up,0.013470
2023-11-08,Up,0.82,Up,0.008073
2023-11-09,Up,0.82,Up,0.029499
2023-11-10,Up,0.82,Up,0.005896
2023-11-13,Up,0.82,Up,0.021308
2023-11-14,Up,0.82,Down,-0.015466
2023-11-15,Up,0.82,Up,0.012109
2023-11-16,Up,0.82,Down,-0.003678
2023-11-17,Up,0.82,Up,0.022536
2023-11-20,Up,0.82,Down,-0.009225
2023-11-21,Up,0.82,Down,-0.024588
2023-11-22,Up,0.82,Down,-0.019295
2023-11-24,Up,0.8153,Up,0.009754
2023-11-27,Up,0.82,Down,-0.008727
2023-11-28,Up,0.82,Up,0.006671
2023-11-29,Up,0.82,Down,-0.028459
2023-11-30,Up,0.82,Down,-0.000107
2023-12-01,Up,0.82,Down,-0.026836
2023-12-04,Up,0.6799,Up,0.023204
2023-12-05,Up,0.82,Down,-0.022828
2023-12-06,Up,0.6626,Up,0.024020
2023-12-07,Up,0.82,Up,0.019530
2023-12-08,Up,0.82,Down,-0.018503
2023-12-11,Up,0.82,Up,0.022090
2023-12-12,Up,0.82,Up,0.009044
2023-12-13,Up,0.82,Up,0.005448
2023-12-14,Up,0.82,Up,0.011169
2023-12-15,Up,0.82,Up,0.024279
2023-12-18,Up,0.82,Down,-0.009445
2023-12-19,Up,0.82,Down,-0.030098
2023-12-20,Up,0.82,Up,0.018270
2023-12-21,Up,0.82,Down,-0.003266
2023-12-22,Up,0.82,Up,0.009195
2023-12-26,Up,0.82,Up,0.002800
2023-12-27,Up,0.82,Up,0.002125
2023-12-28,Up,0.82,Down,0.000000
2023-12-29,Up,0.82,Down,-0.027341
2024-01-02,Up,0.82,Down,-0.012436
2024-01-03,Up,0.82,Up,0.009018
2024-01-04,Up,0.82,Up,0.022897
2024-01-05,Up,0.82,Up,0.064281
2024-01-08,Up,0.82,Up,0.016975
2024-01-09,Up,0.82,Up,0.022770
2024-01-10,Up,0.82,Up,0.008684
2024-01-11,Up,0.82,Down,-0.002043
2024-01-12,Up,0.82,Up,0.030561
2024-01-16,Up,0.82,Down,-0.005835
2024-01-17,Up,0.82,Up,0.018804
2024-01-18,Up,0.82,Up,0.041746
2024-01-19,Up,0.82,Up,0.002740
2024-01-22,Up,0.82,Up,0.003671
2024-01-23,Up,0.82,Up,0.024869
2024-01-24,Up,0.82,Up,0.004156
2024-01-25,Up,0.82,Down,-0.009510
2024-01-26,Up,0.82,Up,0.023496
2024-01-29,Up,0.82,Up,0.004947
2024-01-30,Up,0.82,Down,-0.019865
2024-01-31,Up,0.82,Up,0.024380
2024-02-01,Up,0.82,Up,0.049709
2024-02-02,Up,0.82,Up,0.047944
2024-02-05,Up,0.82,Down,-0.015996
2024-02-06,Up,0.82,Up,0.027498
2024-02-07,Up,0.82,Down,-0.006534
2024-02-08,Up,0.82,Up,0.035784
2024-02-09,Up,0.82,Up,0.001594
2024-02-12,Up,0.82,Down,-0.001661
2024-02-13,Up,0.82,Up,0.024567
2024-02-14,Up,0.82,Down,-0.016807
2024-02-15,Up,0.82,Down,-0.000619
2024-02-16,Up,0.82,Down,-0.043532
2024-02-20,Up,0.82,Down,-0.028509
2024-02-21,Up,0.6758,Up,0.164009
2024-02-22,Up,0.82,Up,0.003552
2024-02-23,Up,0.82,Up,0.003489
2024-02-26,Up,0.82,Down,-0.004944
2024-02-27,Up,0.82,Down,-0.013189
2024-02-28,Up,0.82,Up,0.018658
2024-02-29,Up,0.82,Up,0.040032
2024-03-01,Up,0.82,Up,0.035951
2024-03-04,Up,0.82,Up,0.008529
2024-03-05,Up,0.82,Up,0.031827
2024-03-06,Up,0.82,Up,0.044746
2024-03-07,Up,0.82,Down,-0.055477
2024-03-08,Up,0.82,Down,-0.020039
2024-03-11,Up,0.82,Up,0.071572
2024-03-12,Up,0.82,Down,-0.011152
2024-03-13,Up,0.82,Down,-0.032392
2024-03-14,Up,0.82,Down,-0.001217
2024-03-15,Up,0.82,Up,0.007036
2024-03-18,Up,0.82,Up,0.010661
2024-03-19,Up,0.82,Up,0.010895
2024-03-20,Up,0.82,Up,0.011762
2024-03-21,Up,0.82,Up,0.031213
2024-03-22,Up,0.82,Up,0.007562
2024-03-25,Up,0.82,Down,-0.025694
2024-03-26,Up,0.82,Down,-0.024967
2024-03-27,Up,0.82,Up,0.001175
2024-03-28,Up,0.82,Up,0.000077
2024-04-01,Up,0.82,Down,-0.010082
2024-04-02,Up,0.82,Down,-0.005456
2024-04-03,Up,0.82,Down,-0.034385
2024-04-04,Up,0.7932,Up,0.024481
2024-04-05,Up,0.82,Down,-0.009942
2024-04-08,Up,0.8117,Down,-0.020417
2024-04-09,Up,0.82,Up,0.019741
2024-04-10,Up,0.82,Up,0.041096
2024-04-11,Up,0.82,Down,-0.026816
2024-04-12,Up,0.82,Down,-0.024777
2024-04-15,Up,0.82,Up,0.016442
2024-04-16,Up,0.82,Down,-0.038666
2024-04-17,Up,0.82,Up,0.007568
2024-04-18,Up,0.6179,Down,-0.100046
2024-04-19,Down,0.2,Up,0.043543
2024-04-22,Down,0.3901,Up,0.036533
2024-04-23,Up,0.7698,Down,-0.033316
2024-04-24,Up,0.8108,Up,0.037087
2024-04-25,Up,0.82,Up,0.061756
2024-04-26,Up,0.82,Up,0.000251
2024-04-29,Up,0.82,Down,-0.015440
2024-04-30,Up,0.82,Down,-0.038900
2024-05-01,Up,0.82,Up,0.033429
2024-05-02,Up,0.82,Up,0.034632
2024-05-03,Up,0.82,Up,0.037741
2024-05-06,Up,0.82,Down,-0.017213
2024-05-07,Up,0.82,Down,-0.001568
2024-05-08,Up,0.82,Down,-0.018416
2024-05-09,Up,0.82,Up,0.012744
2024-05-10,Up,0.82,Up,0.005797
2024-05-13,Up,0.82,Up,0.010586
2024-05-14,Up,0.82,Up,0.035838
2024-05-15,Up,0.82,Down,-0.002864
2024-05-16,Up,0.82,Down,-0.019924
2024-05-17,Up,0.82,Up,0.024881
2024-05-20,Up,0.82,Up,0.006394
2024-05-21,Up,0.82,Down,-0.004571
2024-05-22,Up,0.82,Up,0.093196
2024-05-23,Up,0.82,Up,0.025723
2024-05-24,Up,0.82,Up,0.069804
2024-05-28,Up,0.82,Up,0.008112
2024-05-29,Up,0.82,Down,-0.037666
2024-05-30,Up,0.82,Down,-0.007846
2024-05-31,Up,0.82,Up,0.048954
2024-06-03,Up,0.82,Up,0.012496
2024-06-04,Up,0.82,Up,0.051556
2024-06-05,Up,0.82,Down,-0.011777
2024-06-06,Up,0.82,Down,-0.000909
2024-06-07,Up,0.82,Up,0.007461
2024-06-10,Up,0.82,Down,-0.007226
2024-06-11,Up,0.82,Up,0.035481
2024-06-12,Up,0.82,Up,0.035224
2024-06-13,Up,0.82,Up,0.017514
2024-06-14,Up,0.82,Down,-0.006824
2024-06-17,Up,0.82,Up,0.035120
2024-06-18,Up,0.82,Down,-0.035403
2024-06-20,Up,0.82,Down,-0.032191
2024-06-21,Up,0.82,Down,-0.066840
2024-06-24,Down,0.4142,Up,0.067564
2024-06-25,Up,0.82,Up,0.002459
2024-06-26,Up,0.82,Down,-0.019066
2024-06-27,Up,0.82,Down,-0.003629
2024-06-28,Up,0.82,Up,0.006152
2024-07-01,Up,0.82,Down,-0.013113
2024-07-02,Up,0.82,Up,0.045732
2024-07-03,Up,0.82,Down,-0.019099
2024-07-05,Up,0.82,Up,0.018835
2024-07-08,Up,0.82,Up,0.024805
2024-07-09,Up,0.82,Up,0.026869
2024-07-10,Up,0.82,Down,-0.055667
2024-07-11,Up,0.82,Up,0.014443
2024-07-12,Up,0.82,Down,-0.006190
2024-07-15,Up,0.82,Down,-0.016194
2024-07-16,Up,0.82,Down,-0.066239
2024-07-17,Down,0.3834,Up,0.026273
2024-07-18,Up,0.8023,Down,-0.026096
2024-07-19,Neutral,0.4323,Up,0.047571
2024-07-22,Up,0.82,Down,-0.007690
2024-07-23,Up,0.82,Down,-0.068032
2024-07-24,Up,0.82,Down,-0.017243
2024-07-25,Up,0.681,Up,0.006947
2024-07-26,Up,0.7105,Down,-0.013002
2024-07-29,Down,0.3874,Down,-0.070436
2024-07-30,Down,0.2079,Up,0.128121
2024-07-31,Up,0.82,Down,-0.066741
2024-08-01,Up,0.82,Down,-0.017764
2024-08-02,Up,0.7795,Down,-0.063578
2024-08-05,Down,0.4065,Up,0.037830
2024-08-06,Up,0.82,Down,-0.051223
2024-08-07,Down,0.2,Up,0.061268
2024-08-08,Up,0.82,Down,-0.002096
2024-08-09,Up,0.82,Up,0.040764
2024-08-12,Up,0.82,Up,0.065309
2024-08-13,Up,0.82,Up,0.016704
2024-08-14,Up,0.82,Up,0.040481
2024-08-15,Up,0.82,Up,0.014000
2024-08-16,Up,0.82,Up,0.043506
2024-08-19,Up,0.82,Down,-0.021154
2024-08-20,Up,0.82,Up,0.009823
2024-08-21,Up,0.82,Down,-0.037043
2024-08-22,Up,0.82,Up,0.045499
2024-08-23,Up,0.82,Down,-0.022494
2024-08-26,Up,0.82,Up,0.014550
2024-08-27,Up,0.82,Down,-0.020967
2024-08-28,Up,0.82,Down,-0.063848
2024-08-29,Up,0.82,Up,0.015137
2024-08-30,Up,0.7867,Down,-0.095250
2024-09-03,Down,0.3496,Down,-0.016574
2024-09-04,Down,0.2,Up,0.009415
2024-09-05,Down,0.2,Down,-0.040854
2024-09-06,Down,0.4061,Up,0.035398
2024-09-09,Down,0.3395,Up,0.015309
2024-09-10,Up,0.82,Up,0.081499
2024-09-11,Up,0.82,Up,0.019074
2024-09-12,Up,0.82,Down,-0.000336
2024-09-13,Up,0.82,Down,-0.019479
2024-09-16,Up,0.82,Down,-0.010190
2024-09-17,Up,0.82,Down,-0.019206
2024-09-18,Up,0.82,Up,0.039693
2024-09-19,Up,0.82,Down,-0.015865
2024-09-20,Up,0.82,Up,0.002241
2024-09-23,Up,0.82,Up,0.039653
2024-09-24,Up,0.82,Up,0.021842
2024-09-25,Up,0.82,Up,0.004291
2024-09-26,Up,0.82,Down,-0.021283
2024-09-27,Up,0.82,Up,0.000329
2024-09-30,Up,0.82,Down,-0.036561
2024-10-01,Up,0.82,Up,0.015812
2024-10-02,Up,0.82,Up,0.033656
2024-10-03,Up,0.82,Up,0.016850
2024-10-04,Up,0.82,Up,0.022414
2024-10-07,Up,0.82,Up,0.040479
2024-10-08,Up,0.82,Down,-0.001806
2024-10-09,Up,0.82,Up,0.016283
2024-10-10,Up,0.82,Down,-0.000074
2024-10-11,Up,0.82,Up,0.024258
2024-10-14,Up,0.82,Down,-0.046860
2024-10-15,Up,0.82,Up,0.031307
2024-10-16,Up,0.82,Up,0.008915
2024-10-17,Up,0.82,Up,0.007814
2024-10-18,Up,0.82,Up,0.041377
2024-10-21,Up,0.82,Down,-0.000835
2024-10-22,Up,0.82,Down,-0.028066
2024-10-23,Up,0.82,Up,0.006091
2024-10-24,Up,0.82,Up,0.008048
2024-10-25,Up,0.82,Down,-0.007206
2024-10-28,Up,0.82,Up,0.005195
2024-10-29,Up,0.82,Down,-0.013522
2024-10-30,Up,0.82,Down,-0.047223
2024-10-31,Up,0.82,Up,0.019886
2024-11-01,Up,0.82,Up,0.004801
2024-11-04,Up,0.82,Up,0.028372
2024-11-05,Up,0.82,Up,0.040740
2024-11-06,Up,0.82,Up,0.022457
2024-11-07,Up,0.82,Down,-0.008396
2024-11-08,Up,0.82,Down,-0.016054
2024-11-11,Up,0.82,Up,0.020859
2024-11-12,Up,0.82,Down,-0.013622
2024-11-13,Up,0.82,Up,0.003350
2024-11-14,Up,0.82,Down,-0.032570
2024-11-15,Up,0.82,Down,-0.012889
2024-11-18,Up,0.82,Up,0.048948
2024-11-19,Up,0.82,Down,-0.007618
2024-11-20,Up,0.82,Up,0.005346
2024-11-21,Up,0.82,Down,-0.032181
2024-11-22,Up,0.82,Down,-0.041775
2024-11-25,Up,0.82,Up,0.006617
2024-11-26,Neutral,0.5314,Down,-0.011540
2024-11-27,Up,0.7203,Up,0.021501
2024-11-29,Up,0.7036,Up,0.002749
2024-12-02,Up,0.82,Up,0.011758
2024-12-03,Up,0.82,Up,0.034793
2024-12-04,Up,0.82,Down,-0.000551
2024-12-05,Up,0.82,Down,-0.018061
2024-12-06,Up,0.82,Down,-0.025484
2024-12-09,Up,0.82,Down,-0.026943
2024-12-10,Up,0.82,Up,0.031391
2024-12-11,Up,0.82,Down,-0.014141
2024-12-12,Up,0.812,Down,-0.022499
2024-12-13,Up,0.8184,Down,-0.016760
2024-12-16,Up,0.7384,Down,-0.012197
2024-12-17,Up,0.8027,Down,-0.011351
2024-12-18,Neutral,0.4971,Up,0.013730
2024-12-19,Up,0.6963,Up,0.030762
2024-12-20,Up,0.82,Up,0.036897
2024-12-23,Up,0.82,Up,0.003938
2024-12-24,Up,0.82,Down,-0.002068
2024-12-26,Up,0.82,Down,-0.020868
2024-12-27,Up,0.82,Up,0.003503
2024-12-30,Up,0.82,Down,-0.023275