symbol,date,open,high,low,close,volume,peRatio,earningsGrowth,debtToEquity,revenue,netIncome,ATR14,SMA20,STD20,BB_upper,BB_lower,RSI14,MACD
AAPL,2024-05-28,191.50999450683594,193,189.10000610351562,189.99000549316406,52280100,0,0,0,0,0,2.770714896065848,184.7395004272461,6.664979237993443,198.069458903233,171.4095419512592,67.5938888507675,6.839508158939964
AAPL,2024-05-29,189.61000061035156,192.25,189.50999450683594,190.2899932861328,53068000,0,0,0,0,0,2.850714547293527,185.7375,5.880872482447838,197.4992449648957,173.97575503510433,67.53364658856547,6.537025162637491
AAPL,2024-05-30,190.75999450683594,192.17999267578125,190.6300048828125,191.2899932861328,49947900,0,0,0,0,0,2.8035714285714284,186.83699951171874,4.626846200923084,196.0906919135649,177.58330710987258,66.23185254257902,6.305313126643966
AAPL,2024-05-31,191.44000244140625,192.57000732421875,189.91000366210938,192.25,75158300,0,0,0,0,0,2.7821437290736606,187.7979995727539,3.5238544099804314,194.84570839271476,180.75029075279303,72.84011228165878,6.128498669616903
AAPL,2024-06-03,192.89999389648438,194.99000549316406,192.52000427246094,194.02999877929688,50080500,0,0,0,0,0,2.688572474888393,188.33049926757812,3.6193854214839765,195.56927011054609,181.09172842461015,70.7330095977689,6.062122588304646
AAPL,2024-06-04,194.63999938964844,195.32000732421875,193.02999877929688,194.35000610351562,47471400,0,0,0,0,0,2.7078584943498885,188.96249923706054,3.5100860263721128,195.98267128980476,181.94232718431633,69.37292071417221,5.966562167689375
AAPL,2024-06-05,195.39999389648438,196.89999389648438,194.8699951171875,195.8699951171875,54156800,0,0,0,0,0,2.655714852469308,189.6359992980957,3.478426760729973,196.59285281955565,182.67914577663575,67.99296434853261,5.944950566671821
AAPL,2024-06-06,195.69000244140625,196.5,194.1699981689453,194.47999572753906,41181800,0,0,0,0,0,2.7192862374441966,190.22299880981444,3.248132208753915,196.71926322732227,183.7267343923066,62.63616349509367,5.749386534031743
AAPL,2024-06-07,194.64999389648438,196.94000244140625,194.13999938964844,196.88999938964844,53103900,0,0,0,0,0,2.8028575352260043,190.83899841308593,3.2856561801379063,197.41031077336174,184.26768605281012,66.92382452544369,5.7228977802622865
AAPL,2024-06-10,196.89999389648438,197.3000030517578,192.14999389648438,193.1199951171875,97262100,0,0,0,0,0,2.962857927594866,191.3424980163574,2.787247664785179,196.91699334592778,185.76800268678704,54.455871460129416,5.336185193263532
AAPL,2024-06-11,193.64999389648438,207.16000366210938,193.6300048828125,207.14999389648438,172373300,0,0,0,0,0,3.836430140904018,192.3859977722168,4.229924252054811,200.84584627632643,183.92614926810717,70.52133776343206,6.091596200735353
AAPL,2024-06-12,207.3699951171875,220.1999969482422,206.89999389648438,213.07000732421875,198134300,0,0,0,0,0,4.604287283761161,193.66799850463866,6.034239515611049,205.73647753586076,181.59951947341656,77.35012841779191,7.086274315346088
AAPL,2024-06-13,214.74000549316406,216.75,211.60000610351562,214.24000549316406,97862700,0,0,0,0,0,4.660001482282366,194.8939987182617,7.4357252139288255,209.76544914611935,180.02254829040407,86.30572564881224,7.878158454910306
AAPL,2024-06-14,213.85000610351562,215.1699981689453,211.3000030517578,212.49000549316406,70122700,0,0,0,0,0,4.672144208635602,196.0264991760254,8.259011919612574,212.54452301525055,179.50847533680025,80.97990528047094,8.269199778444545
AAPL,2024-06-17,213.3699951171875,218.9499969482422,212.72000122070312,216.6699981689453,93728300,0,0,0,0,0,4.855001177106585,197.3664993286133,9.264353884733513,215.8952070980803,178.83779155914627,82.9382625626929,8.814782000039997
AAPL,2024-06-18,217.58999633789062,218.6300048828125,213,214.2899932861328,79943300,0,0,0,0,0,5.061429704938616,198.52899932861328,9.838487947993322,218.2059752245999,178.85202343262665,78.18223387435478,8.951921163059495
AAPL,2024-06-20,213.92999267578125,214.24000549316406,208.85000610351562,209.67999267578125,86172500,0,0,0,0,0,5.315000261579241,199.39549865722657,10.017647367718713,219.430793392664,179.36020392178915,69.90689796766486,8.589600844222701
AAPL,2024-06-21,210.38999938964844,211.88999938964844,207.11000061035156,207.49000549316406,246421400,0,0,0,0,0,5.466428484235491,200.22499923706056,9.966572106841902,220.15814345074438,180.29185502337674,66.06917553947159,8.03314462721329
AAPL,2024-06-24,207.72000122070312,212.6999969482422,206.58999633789062,208.13999938964844,80727000,0,0,0,0,0,5.707142421177456,201.28799896240236,9.614078676598709,220.51615631559977,182.05984160920494,65.2408756284898,7.557480213866057
AAPL,2024-06-25,209.14999389648438,211.3800048828125,208.61000061035156,209.07000732421875,56713900,0,0,0,0,0,5.774999346051898,202.24249954223632,9.389029411611814,221.02055836545995,183.46444071901269,65.69296709632039,7.172872201450161
AAPL,2024-06-26,211.5,214.86000061035156,210.63999938964844,213.25,66213200,0,0,0,0,0,6.006428309849331,203.40549926757814,9.238689177920339,221.8828776234188,184.92812091173747,67.53430764626702,7.1232457134208005
AAPL,2024-06-27,214.69000244140625,215.74000549316406,212.35000610351562,214.10000610351562,49772700,0,0,0,0,0,6.082142421177456,204.59599990844725,9.002993108741217,222.6019861259297,186.5900136909648,70.01224874127452,7.070994727200542
AAPL,2024-06-28,215.77000427246094,216.07000732421875,210.3000030517578,210.6199951171875,82542700,0,0,0,0,0,6.294285365513393,205.5625,8.54878341000419,222.66006682000838,188.46493317999162,63.7053229674728,6.671868494332841
AAPL,2024-07-01,212.08999633789062,217.50999450683594,211.9199981689453,216.75,60402900,0,0,0,0,0,6.418570382254464,206.7875,8.305296369857182,223.39809273971434,190.17690726028565,72.52621485533683,6.772133305451945
AAPL,2024-07-02,216.14999389648438,220.3800048828125,215.10000610351562,220.27000427246094,58046200,0,0,0,0,0,5.792855398995536,208.0995002746582,8.25880180616377,224.61710388698575,191.58189666233065,65.64139823421613,7.054311110195101
AAPL,2024-07-03,220,221.5500030517578,219.02999877929688,221.5500030517578,37369800,0,0,0,0,0,5.022855486188616,209.45950012207032,8.121057778285847,225.701615678642,193.21738456549863,61.36728556800941,7.2971077417731465
AAPL,2024-07-05,221.64999389648438,226.4499969482422,221.64999389648438,226.33999633789062,60412400,0,0,0,0,0,5.004998343331473,210.98300018310547,8.285188731285023,227.5533776456755,194.41262272053544,64.78493571134786,7.78628282647
AAPL,2024-07-08,227.08999633789062,227.85000610351562,223.25,227.82000732421875,59085900,0,0,0,0,0,5.057141985212054,212.65000076293944,8.14998429755041,228.94996935804028,196.3500321678386,68.85608656630026,8.1988706458516
AAPL,2024-07-09,227.92999267578125,229.39999389648438,226.3699951171875,228.67999267578125,48076100,0,0,0,0,0,4.812142508370536,214.2395004272461,8.020279592350212,230.2800596119465,198.1989412425457,66.08624955496904,8.497291607647298
AAPL,2024-07-10,229.3000030517578,233.0800018310547,229.25,232.97999572753906,62627700,0,0,0,0,0,4.7242856706891745,216.23250045776368,7.4573097425118196,231.14711994278733,201.31788097274003,73.80892030752389,8.977282158964783
AAPL,2024-07-11,231.38999938964844,232.38999938964844,225.77000427246094,227.57000732421875,64710600,0,0,0,0,0,4.850714547293527,217.25350112915038,7.541311759259877,232.33612464767015,202.1708776106306,72.33460686794305,8.819471895954734
AAPL,2024-07-12,228.9199981689453,232.63999938964844,228.67999267578125,230.5399932861328,53046500,0,0,0,0,0,4.871428353445871,218.1270004272461,8.003739419650062,234.1344792665462,202.11952158794597,78.22678835832119,8.832246531345106
AAPL,2024-07-15,236.47999572753906,237.22999572753906,233.08999633789062,234.39999389648438,62631300,0,0,0,0,0,4.9128570556640625,219.1349998474121,8.690734215716178,236.51646827884446,201.75353141597975,79.8138039397756,9.04952304330186
AAPL,2024-07-16,235,236.27000427246094,232.3300018310547,234.82000732421875,43234300,0,0,0,0,0,4.962856837681362,220.25149993896486,9.185611805032762,238.62272354903038,201.88027632889933,79.57730383884923,9.15013080567067
AAPL,2024-07-17,229.4499969482422,231.4600067138672,226.63999938964844,228.8800048828125,57345900,0,0,0,0,0,5.133572169712612,220.86200027465821,9.331878198130484,239.52575667091918,202.19824387839725,67.25546691750957,8.650833207577705
AAPL,2024-07-18,230.27999877929688,230.44000244140625,222.27000427246094,224.17999267578125,66034600,0,0,0,0,0,5.475000653948102,221.35650024414062,9.232026341532995,239.82055292720662,202.89244756107462,60.25639353628697,7.786130888196652
AAPL,2024-07-19,224.82000732421875,226.8000030517578,223.27999877929688,224.30999755859375,49151500,0,0,0,0,0,5.314286368233817,222.08800048828124,8.849538611317978,239.7870777109172,204.38892326564527,64.94867862710245,7.030297484596019
AAPL,2024-07-22,227.00999450683594,227.77999877929688,223.08999633789062,223.9600067138672,48201800,0,0,0,0,0,5.157143729073661,222.9115005493164,8.194896506621737,239.30129356255986,206.52170753607294,59.010257065438125,6.330083468695989
AAPL,2024-07-23,224.3699951171875,226.94000244140625,222.67999267578125,225.00999450683594,39960300,0,0,0,0,0,5.084287370954241,223.75500030517577,7.46693768790727,238.68887568099032,208.82112492936122,56.31325653803319,5.793104750621467
AAPL,2024-07-24,224,224.8000030517578,217.1300048828125,218.5399932861328,61777600,0,0,0,0,0,5.467143467494419,224.22849960327147,6.79031080420391,237.8091212116793,210.64787799486365,46.47787135331558,4.79025118750846
AAPL,2024-07-25,218.92999267578125,220.85000610351562,214.6199951171875,217.49000549316406,51391200,0,0,0,0,0,5.562144688197544,224.44049987792968,6.504411515877453,237.44932290968458,211.43167684617478,38.650940594001284,3.8661902393339744
AAPL,2024-07-26,218.6999969482422,219.49000549316406,216.00999450683594,217.9600067138672,41601300,0,0,0,0,0,5.482145036969866,224.63349990844728,6.246892760696127,237.12728542983953,212.13971438705502,37.01947124511109,3.1356446908279167
AAPL,2024-07-29,216.9600067138672,219.3000030517578,215.75,218.24000549316406,36311800,0,0,0,0,0,5.519288199288504,225.0145004272461,5.577044959787625,236.16859034682136,213.86041050767085,36.04278991205791,2.5498821871750295
AAPL,2024-07-30,219.19000244140625,220.3300018310547,216.1199951171875,218.8000030517578,41643800,0,0,0,0,0,5.505716596330915,225.11700057983398,5.441399150780248,235.99979888139447,214.2342022782735,28.936417128299055,2.106565134147644
AAPL,2024-07-31,221.44000244140625,223.82000732421875,220.6300048828125,222.0800018310547,50036300,0,0,0,0,0,5.3492889404296875,225.20750045776367,5.374675236702835,235.95685093116936,214.458149984358,41.29399244754879,1.9968828426979996
AAPL,2024-08-01,224.3699951171875,224.47999572753906,217.02000427246094,218.36000061035156,62501000,0,0,0,0,0,5.520003182547433,225.04800033569336,5.5260512081734,236.10010275204016,213.99589791934656,31.133839627662837,1.59144068970906
AAPL,2024-08-02,219.14999389648438,225.60000610351562,217.7100067138672,219.86000061035156,105568600,0,0,0,0,0,5.605717250279018,224.7240005493164,5.629793110568541,235.98358677045348,213.46441432817932,25.701881390447042,1.3753086246640294
AAPL,2024-08-05,199.08999633789062,213.5,196,209.27000427246094,119548600,0,0,0,0,0,7.02857426234654,223.7965003967285,6.5035644906078645,236.80362937794422,210.7893714155128,18.134179208833885,0.34551532025670895
AAPL,2024-08-06,205.3000030517578,209.99000549316406,201.07000732421875,207.22999572753906,69660500,0,0,0,0,0,7.08143070765904,222.7240005493164,7.326399126892553,237.3767988031015,208.0712022955313,20.088398973414954,-0.6279760166403321
AAPL,2024-08-07,206.89999389648438,213.63999938964844,206.38999938964844,209.82000732421875,63516400,0,0,0,0,0,7.015716552734375,221.56600112915038,7.443221191951044,236.45244351305246,206.6795587452483,28.931938072932383,-1.1769158709795988
AAPL,2024-08-08,213.11000061035156,214.1999969482422,208.8300018310547,213.30999755859375,47161100,0,0,0,0,0,7.147858755929129,220.85300064086914,7.516571508630185,235.8861436581295,205.81985762360878,35.30981804369462,-1.3151810273809872
AAPL,2024-08-09,212.10000610351562,216.77999877929688,211.97000122070312,216.24000549316406,42201600,0,0,0,0,0,7.156429835728237,220.13800125122071,7.236001520406233,234.61000429203318,205.66599821040825,40.354818415784955,-1.174787784454736
AAPL,2024-08-12,216.07000732421875,219.50999450683594,215.60000610351562,217.52999877929688,38028100,0,0,0,0,0,7.131428309849331,219.29450149536132,6.4666906760093905,232.2278828473801,206.36112014334253,40.71038655225226,-0.9484997361520016
AAPL,2024-08-13,219.00999450683594,221.88999938964844,219.00999450683594,221.27000427246094,44155300,0,0,0,0,0,6.880000523158482,218.61700134277345,5.431587782725443,229.48017690822434,207.75382577732256,53.63710508276663,-0.4620513998658282
AAPL,2024-08-14,220.57000732421875,223.02999877929688,219.6999969482422,221.72000122070312,41960600,0,0,0,0,0,6.672857012067523,218.25900115966797,4.9587246383851165,228.17645043643822,208.34155188289773,55.72704416288434,-0.03976817300272728
AAPL,2024-08-15,224.60000610351562,225.35000610351562,222.75999450683594,224.72000122070312,46414000,0,0,0,0,0,6.683570861816406,218.28600158691407,4.992247998547016,228.2704975840081,208.30150558982004,58.56562766936924,0.5308499468815171
AAPL,2024-08-16,223.9199981689453,226.8300018310547,223.64999389648438,226.0500030517578,44340200,0,0,0,0,0,6.657142639160156,218.37300186157228,5.1102378217819,228.59347750513606,208.1525262180085,59.639589824563515,1.077962865542986
AAPL,2024-08-19,225.72000122070312,225.99000549316406,223.0399932861328,225.88999938964844,40687800,0,0,0,0,0,6.571428571428571,218.46950149536133,5.231610636001652,228.93272276736462,208.00628022335803,58.83818690202195,1.48156428614314
AAPL,2024-08-20,225.77000427246094,227.1699981689453,225.4499969482422,226.50999450683594,30299000,0,0,0,0,0,6.335714067731585,218.54450149536132,5.3345757843006405,229.2136530639626,207.87534992676004,55.9145410304426,1.830350601817571
AAPL,2024-08-21,226.52000427246094,227.97999572753906,225.0500030517578,226.39999389648438,34765500,0,0,0,0,0,6.012142726353237,218.9375015258789,5.602560736080204,230.14262299803931,207.7323800537185,61.87941863312139,2.0739825599752635
AAPL,2024-08-22,227.7899932861328,228.33999633789062,223.89999389648438,224.52999877929688,43695300,0,0,0,0,0,5.765714372907366,219.28950119018555,5.7204739380608745,230.7304490663073,207.8485533140638,56.82548560718684,2.0920537707222877
AAPL,2024-08-23,225.66000366210938,228.22000122070312,224.3300018310547,226.83999633789062,38677300,0,0,0,0,0,4.339285714285714,219.7335006713867,5.940438334615942,231.6143773406186,207.8526240021548,83.87965038376461,2.266644367625929
AAPL,2024-08-26,226.75999450683594,227.27999877929688,223.88999938964844,227.17999267578125,30602200,0,0,0,0,0,3.9442858014787947,220.18050003051758,6.144101638687148,232.46870330789187,207.89229675314328,91.16797454810865,2.4047233822667806
AAPL,2024-08-27,226,228.85000610351562,224.88999938964844,228.02999877929688,35934600,0,0,0,0,0,3.7092862810407365,220.64199981689453,6.365724297252297,233.37344841139912,207.91055122238993,90.48465843094259,2.553307446071898
AAPL,2024-08-28,227.9199981689453,229.86000061035156,225.67999267578125,226.49000549316406,38052200,0,0,0,0,0,3.6242871965680803,220.8625,6.486940074312875,233.83638014862575,207.88861985137427,82.0837688478422,2.517773473850866
AAPL,2024-08-29,230.10000610351562,232.9199981689453,228.8800048828125,229.7899932861328,51906300,0,0,0,0,0,3.7400011335100447,221.43399963378906,6.739856182088982,234.91371199796703,207.9542872696111,82.40077760815439,2.7244877813919572
AAPL,2024-08-30,230.19000244140625,230.39999389648438,227.47999572753906,229,52990800,0,0,0,0,0,3.669287545340402,221.8909996032715,6.9249661958685556,235.7409319950086,208.0410672115344,78.09901105572119,2.792375734202551
AAPL,2024-09-03,228.5500030517578,229,221.1699981689453,222.77000427246094,50190600,0,0,0,0,0,3.917144775390625,222.56599960327148,6.290762125317407,235.1475238539063,209.98447535263665,53.27511440778479,2.316762639373536
AAPL,2024-09-04,221.66000366210938,221.77999877929688,217.47999572753906,220.85000610351562,43840200,0,0,0,0,0,4.057145254952567,223.24700012207032,5.2438065707518176,233.73461326357395,212.7593869805667,48.215025890514745,1.7645671967354986
AAPL,2024-09-05,221.6300048828125,225.47999572753906,221.52000427246094,222.3800048828125,36615400,0,0,0,0,0,4.128572736467634,223.875,4.2575228434322145,232.39004568686443,215.35995431313557,44.89082951974051,1.4338775964731099
AAPL,2024-09-06,223.9499969482422,225.24000549316406,219.77000427246094,220.82000732421875,48423000,0,0,0,0,0,4.292143685477121,224.25050048828126,3.5876434227436156,231.42578733376848,217.07521364279404,38.69432560716959,1.0340055677019677
AAPL,2024-09-09,220.82000732421875,221.27000427246094,216.7100067138672,220.91000366210938,67180000,0,0,0,0,0,4.402857099260602,224.4840003967285,3.1884490854416963,230.86089856761188,218.10710222584513,39.20206821209099,0.7161111724828118
AAPL,2024-09-10,218.9199981689453,221.47999572753906,216.72999572753906,220.11000061035156,51591000,0,0,0,0,0,4.619285583496094,224.61300048828124,2.9475843208689656,230.50816913001918,218.7178318465433,36.230626097301865,0.3950698937807715
AAPL,2024-09-11,221.4600067138672,223.08999633789062,217.88999938964844,222.66000366210938,44587100,0,0,0,0,0,4.781428745814732,224.68250045776367,2.8836351586282425,230.44977077502014,218.9152301405072,42.71807681932212,0.3424586522737627
AAPL,2024-09-12,222.5,223.5500030517578,219.82000732421875,222.77000427246094,37498200,0,0,0,0,0,4.730713980538504,224.73500061035156,2.838425172259406,230.41185095487037,219.05815026583275,46.32107674122348,0.3061113333743606
AAPL,2024-09-13,223.5800018310547,224.0399932861328,221.91000366210938,222.5,36766600,0,0,0,0,0,4.6049989972795755,224.6240005493164,2.8799455866899866,230.38389172269638,218.86410937593644,40.082263659352016,0.25260683861725397
AAPL,2024-09-16,216.5399932861328,217.22000122070312,213.9199981689453,216.32000732421875,59357400,0,0,0,0,0,4.975713457380023,224.13750076293945,3.376913614149056,230.89132799123757,217.38367353464133,30.41126113034059,-0.28518221646692155
AAPL,2024-09-17,215.75,216.89999389648438,214.5,216.7899932861328,45519300,0,0,0,0,0,4.864283970424107,223.68250045776367,3.707054223230464,231.09660890422458,216.26839201130275,29.443990822385473,-0.6657852203093171
AAPL,2024-09-18,217.5500030517578,222.7100067138672,217.5399932861328,220.69000244140625,59894900,0,0,0,0,0,4.988570077078683,223.3915008544922,3.7021056621718484,230.79571217883588,215.9872895301485,40.23567406162194,-0.6452793195337279
AAPL,2024-09-19,224.99000549316406,229.82000732421875,224.6300048828125,228.8699951171875,66781300,0,0,0,0,0,5.181428091866629,223.51500091552734,3.839072481595349,231.19314587871804,215.83685595233663,48.66975284536056,0.030675195888818507
AAPL,2024-09-20,229.97000122070312,233.08999633789062,227.6199951171875,228.1999969482422,318679900,0,0,0,0,0,5.3635711669921875,223.6985008239746,3.9687219177837814,231.63594465954216,215.76105698840703,48.8392286645805,0.506472467191287
AAPL,2024-09-23,227.33999633789062,229.4499969482422,225.80999755859375,226.47000122070312,54146000,0,0,0,0,0,5.0642852783203125,223.68000106811525,3.9548732519495626,231.58974757201437,215.77025456421612,56.174899679493876,0.7354709839100906
AAPL,2024-09-24,228.64999389648438,229.35000610351562,225.72999572753906,227.3699951171875,43556100,0,0,0,0,0,4.944999694824219,223.68950119018555,3.963488101166644,231.61647739251885,215.76252498785226,61.264677503545805,0.978298725401828
AAPL,2024-09-25,224.92999267578125,227.2899932861328,224.02000427246094,226.3699951171875,42308700,0,0,0,0,0,4.853571210588727,223.60650100708008,3.888393667862693,231.38328834280546,215.8297136713547,57.022164741368385,1.0776275972212659
AAPL,2024-09-26,227.3000030517578,228.5,225.41000366210938,227.52000427246094,36636700,0,0,0,0,0,4.683570861816406,223.65800094604492,3.9328105162727214,231.52362197859037,215.79237991349947,61.964286784737055,1.2349073285862744
AAPL,2024-09-27,228.4600067138672,229.52000427246094,227.3000030517578,227.7899932861328,34026000,0,0,0,0,0,4.51642826625279,223.55800094604493,3.798762968242127,231.1555268825292,215.96047500956067,62.20723054922479,1.3655967564889693
AAPL,2024-09-30,230.0399932861328,233,229.64999389648438,233,54541900,0,0,0,0,0,4.549285888671875,223.75800094604492,4.1674212302657585,232.09284340657643,215.4231584855134,69.77601545450757,1.8680394733993921
AAPL,2024-10-01,229.52000427246094,229.64999389648438,223.74000549316406,226.2100067138672,63285000,0,0,0,0,0,4.839285714285714,223.93000106811525,4.1939987376486645,232.31799854341259,215.5420035928179,54.81944857021762,1.6987510894821582
AAPL,2024-10-02,225.88999938964844,227.3699951171875,223.02000427246094,226.77999877929688,32880600,0,0,0,0,0,4.883571079799107,224.22650070190429,4.175346605630558,232.5771939131654,215.87580749064318,55.376774618581045,1.5922282059974862
AAPL,2024-10-03,225.13999938964844,226.80999755859375,223.32000732421875,225.6699981689453,34044200,0,0,0,0,0,4.980713980538504,224.39100036621093,4.164152500085119,232.71930536638118,216.06269536604069,54.15683394794078,1.4020779983845557
AAPL,2024-10-04,227.89999389648438,228,224.1300048828125,226.8000030517578,37245100,0,0,0,0,0,4.644284929547991,224.69000015258788,4.111365989955462,232.9127321324988,216.46726817267697,65.8403942195524,1.3272646583038181
AAPL,2024-10-07,224.5,225.69000244140625,221.3300018310547,221.69000244140625,39505400,0,0,0,0,0,4.8635711669921875,224.72900009155273,4.078895677518175,232.8867914465891,216.57120873651638,56.495242548898325,0.8458893185737395
AAPL,2024-10-08,224.3000030517578,225.97999572753906,223.25,225.77000427246094,31855700,0,0,0,0,0,4.74714115687779,225.0120002746582,3.9426802456330785,232.89736076592436,217.12663978339202,56.70185315883281,0.784573864355707
AAPL,2024-10-09,225.22999572753906,229.75,224.8300018310547,229.5399932861328,33591100,0,0,0,0,0,4.4464263916015625,225.3559997558594,4.0218072440837735,233.39961424402694,217.31238526769184,51.00029661030463,1.0283335424623203
AAPL,2024-10-10,227.77999877929688,229.5,227.1699981689453,229.0399932861328,28183500,0,0,0,0,0,4.224997384207589,225.66949920654298,4.052267684585111,233.7740345757132,217.56496383737277,51.26049958372603,1.1677084065918564
AAPL,2024-10-11,229.3000030517578,229.41000366210938,227.33999633789062,227.5500030517578,31759200,0,0,0,0,0,4.112855093819754,225.92199935913087,4.003953737876529,233.92990683488392,217.9140918833778,51.63241047100712,1.1447383993176743
AAPL,2024-10-14,228.6999969482422,231.72999572753906,228.60000610351562,231.3000030517578,39882100,0,0,0,0,0,4.152853829520089,226.6709991455078,3.508116088306142,233.68723132212008,219.65476696889553,55.46898191579674,1.4128418021733467
AAPL,2024-10-15,233.61000061035156,237.49000549316406,232.3699951171875,233.85000610351562,64751400,0,0,0,0,0,4.355711800711496,227.52399978637695,3.0454000724396293,233.61479993125621,221.43319964149768,59.97867513907164,1.8102126113637382
AAPL,2024-10-16,231.60000610351562,232.1199951171875,229.83999633789062,231.77999877929688,34082200,0,0,0,0,0,4.421427045549665,228.0784996032715,2.7454493147957892,233.56939823286308,222.5876009736799,55.54687093322249,1.9357850244799124
AAPL,2024-10-17,233.42999267578125,233.85000610351562,230.52000427246094,232.14999389648438,32993800,0,0,0,0,0,4.500712803431919,228.24249954223632,2.882381999612125,234.00726354146056,222.47773554301207,55.662340699169874,2.041623021033388
AAPL,2024-10-18,236.17999267578125,236.17999267578125,234.00999450683594,235,46431500,0,0,0,0,0,4.416426522391183,228.5824996948242,3.2366072029576287,235.05571410073946,222.10928528890895,52.767018370509234,2.3286290833311796
AAPL,2024-10-21,234.4499969482422,236.85000610351562,234.4499969482422,236.47999572753906,36254500,0,0,0,0,0,3.926427568708147,229.082999420166,3.6222252691334815,236.32744995843296,221.83854888189904,66.65584412370563,2.645016636521092
AAPL,2024-10-22,233.88999938964844,236.22000122070312,232.60000610351562,235.86000061035156,38846600,0,0,0,0,0,3.8928560529436385,229.50749969482422,3.8845827944133084,237.27666528365083,221.7383341059976,64.70208044369095,2.8132976829595293
AAPL,2024-10-23,234.0800018310547,235.13999938964844,227.75999450683594,230.75999450683594,52287000,0,0,0,0,0,4.222142900739398,229.72699966430665,3.824662555575377,237.3763247754574,222.0776745531559,57.29853319563809,2.5062433414788927
AAPL,2024-10-24,229.97999572753906,230.82000732421875,228.41000366210938,230.57000732421875,31109500,0,0,0,0,0,4.117857796805246,229.87949981689454,3.7943087684363745,237.4681173537673,222.29088228002178,55.55556554920209,2.2219568503496134
AAPL,2024-10-25,229.74000549316406,233.22000122070312,229.57000732421875,231.41000366210938,38802300,0,0,0,0,0,3.9878572736467635,230.06050033569335,3.7766172782443537,237.61373489218207,222.50726577920463,66.3857215469113,2.0409120782669845
AAPL,2024-10-28,233.32000732421875,234.72999572753906,232.5500030517578,233.39999389648438,36087100,0,0,0,0,0,3.9185714721679688,230.08050003051758,3.7931538364329516,237.66680770338348,222.49419235765168,63.837505015704345,2.0345552860353564
AAPL,2024-10-29,233.10000610351562,234.3300018310547,232.32000732421875,233.6699981689453,35417200,0,0,0,0,0,3.7107140677315846,230.4534996032715,3.7608611067345286,237.97522181674054,222.93177738980245,58.57916257250626,2.0279278803973853
AAPL,2024-10-30,232.61000061035156,233.47000122070312,229.5500030517578,230.10000610351562,47070900,0,0,0,0,0,3.8357140677315846,230.61949996948243,3.667156611067718,237.95381319161788,223.28518674734698,51.952862994020734,1.7148394875083
AAPL,2024-10-31,229.33999633789062,229.8300018310547,225.3699951171875,225.91000366210938,64370100,0,0,0,0,0,4.0257143293108255,230.63150024414062,3.651298806354776,237.93409785685017,223.32890263143108,47.252010004126625,1.1157547742492682
AAPL,2024-11-01,220.97000122070312,225.35000610351562,220.27000427246094,222.91000366210938,65276700,0,0,0,0,0,4.130000523158482,230.4370002746582,3.94223409651346,238.32146846768512,222.55253208163128,35.5792285205784,0.3943550157215725
AAPL,2024-11-04,220.99000549316406,222.7899932861328,219.7100067138672,222.00999450683594,44944500,0,0,0,0,0,3.916428702218192,230.4529998779297,3.9071954699257394,238.26739081778118,222.63860893807822,28.425624768184733,-0.2471339016734646
AAPL,2024-11-05,221.8000030517578,223.9499969482422,221.13999938964844,223.4499969482422,28111300,0,0,0,0,0,3.830713544573103,230.33699951171874,4.075328264675835,238.4876560410704,222.18634298236708,34.464738286836976,-0.6320366034328799
AAPL,2024-11-06,222.61000061035156,226.07000732421875,221.19000244140625,222.72000122070312,54561100,0,0,0,0,0,3.9414280482700894,229.99599990844726,4.400135445360751,238.79627079916875,221.19572901772577,32.646303630437174,-0.9846291303309158
AAPL,2024-11-07,224.6300048828125,227.8800048828125,224.57000732421875,227.47999572753906,42137700,0,0,0,0,0,4.022142682756696,229.9180000305176,4.43011561648056,238.77823126347872,221.05776879755646,37.0701312057761,-0.8699413302859966
AAPL,2024-11-08,227.1699981689453,228.66000366210938,226.41000366210938,226.9600067138672,38328800,0,0,0,0,0,4.011427743094308,229.88850021362305,4.4477151296688024,238.78393047296066,220.99306995428543,33.0725444551162,-0.8116529600561364
AAPL,2024-11-11,225,225.6999969482422,221.5,224.22999572753906,42005600,0,0,0,0,0,4.1242861066545755,229.5349998474121,4.599839562813251,238.73467897303863,220.3353207217856,30.764121077029927,-0.9745144813203694
AAPL,2024-11-12,224.5500030517578,225.58999633789062,223.36000061035156,224.22999572753906,40398300,0,0,0,0,0,3.7049996512276784,229.0539993286133,4.626375686281881,238.30675070117704,219.80124795604954,37.007549859798736,-1.0910069611562108
AAPL,2024-11-13,224.00999450683594,226.64999389648438,222.75999450683594,225.1199951171875,48566200,0,0,0,0,0,3.810713631766183,228.72099914550782,4.657760049121389,238.0365192437506,219.40547904726503,39.45022253150708,-1.0988457679940211
AAPL,2024-11-14,225.02000427246094,228.8699951171875,225,228.22000122070312,44923900,0,0,0,0,0,3.826428004673549,228.52449951171874,4.591379560114121,237.70725863194698,219.3417403914905,44.321817626755525,-0.8451708902447024
AAPL,2024-11-15,226.39999389648438,226.9199981689453,224.27000427246094,225,47923700,0,0,0,0,0,3.8714283534458707,228.02449951171874,4.3994619871925815,236.8234234861039,219.22557553733358,35.675320944504236,-0.8936573837992512
AAPL,2024-11-18,225.25,229.74000549316406,225.1699981689453,228.02000427246094,44686000,0,0,0,0,0,4.066429138183594,227.60149993896485,3.9498819394728404,235.50126381791054,219.70173606001916,41.19115589939764,-0.6805492258602044
AAPL,2024-11-19,226.97999572753906,230.16000366210938,226.66000366210938,228.27999877929688,36211800,0,0,0,0,0,4.0221437726702005,227.2224998474121,3.474306064990331,234.17111197739277,220.27388771743145,46.83587151212638,-0.48508829558076627
AAPL,2024-11-20,228.05999755859375,229.92999267578125,225.88999938964844,229,35169600,0,0,0,0,0,3.9728567940848216,227.1345001220703,3.4051931807047686,233.94488648347985,220.32411376066077,56.10912474070928,-0.2689853235327462
AAPL,2024-11-21,228.8800048828125,230.16000366210938,225.7100067138672,228.52000427246094,42108300,0,0,0,0,0,3.8878566196986606,227.03199996948243,3.3302672441373997,233.69253445775723,220.37146548120762,62.31883960851195,-0.1348987758511555
AAPL,2024-11-22,228.05999755859375,230.72000122070312,228.05999755859375,229.8699951171875,38168300,0,0,0,0,0,3.849285670689174,226.95499954223632,3.24485991344242,233.44471936912117,220.46527971535147,66.92507614613487,0.07938367249124667
AAPL,2024-11-25,231.4600067138672,233.25,229.74000549316406,232.8699951171875,90152800,0,0,0,0,0,3.899285452706473,226.9284996032715,3.193880810608083,233.31626122448765,220.54073798205533,69.00727286834021,0.48568036367132095
AAPL,2024-11-26,233.3300018310547,235.57000732421875,233.3300018310547,235.05999755859375,45986200,0,0,0,0,0,3.7435716901506697,226.9979995727539,3.351077019546683,233.70015361184727,220.29584553366055,73.51372128508825,0.9731702126148889
AAPL,2024-11-27,234.47000122070312,235.69000244140625,233.80999755859375,234.92999267578125,33498400,0,0,0,0,0,3.5092860630580356,227.2394989013672,3.719690681856821,234.67888026508083,219.80011753765356,67.2373825493404,1.3336456852367746
AAPL,2024-11-29,234.80999755859375,237.80999755859375,233.97000122070312,237.3300018310547,28481400,0,0,0,0,0,3.622857230050223,227.81049880981445,4.302626228524483,236.41575126686342,219.20524635276547,72.07319275425772,1.7923249689340253
AAPL,2024-12-02,237.27000427246094,240.7899932861328,237.16000366210938,239.58999633789062,48137100,0,0,0,0,0,3.4921417236328125,228.6444984436035,4.853258960666545,238.3510163649366,218.9379805222704,83.36228879142061,2.311548186405247
AAPL,2024-12-03,239.80999755859375,242.75999450683594,238.89999389648438,242.64999389648438,38861000,0,0,0,0,0,3.6085706438337053,229.67649841308594,5.485978638489444,240.64845569006482,218.70454113610705,85.31441118806164,2.9361069433842033
AAPL,2024-12-04,242.8699951171875,244.11000061035156,241.25,243.00999450683594,44383900,0,0,0,0,0,3.534999302455357,230.6544982910156,6.007505117788021,242.66950852659164,218.63948805543959,85.00977935972816,3.420691694055165
AAPL,2024-12-05,243.99000549316406,244.5399932861328,242.1300048828125,243.0399932861328,40033900,0,0,0,0,0,3.430713108607701,231.6704978942871,6.291269718599355,244.2530373314858,219.0879584570884,82.96262206863877,3.7637629347349844
AAPL,2024-12-06,242.91000366210938,244.6300048828125,242.0800018310547,242.83999633789062,36870600,0,0,0,0,0,3.330713544573103,232.4384979248047,6.659588574296258,245.7576750733972,219.1193207762122,95.8376263398493,3.9737048860091306
AAPL,2024-12-09,241.8300018310547,247.24000549316406,241.75,246.75,44649200,0,0,0,0,0,3.3842849731445312,233.42799758911133,7.21881373067863,247.8656250504686,218.99037012775406,96.01966622602363,4.4048140586456555
AAPL,2024-12-10,246.88999938964844,248.2100067138672,245.33999633789062,247.77000427246094,36914800,0,0,0,0,0,3.3392857142857144,234.60499801635743,7.535279526698711,249.67555706975486,219.53443896296,96.16296762115414,4.773748206421601
AAPL,2024-12-11,247.9600067138672,250.8000030517578,246.25999450683594,246.49000549316406,45205800,0,0,0,0,0,3.3750010899135043,235.71799850463867,7.564542548634956,250.8470836019086,220.58891340736875,90.35534603373551,4.906289323209023
AAPL,2024-12-12,246.88999938964844,248.74000549316406,245.67999267578125,247.9600067138672,32777500,0,0,0,0,0,3.2757165091378346,236.85999908447266,7.6023412910423245,252.0646816665573,221.65531650238802,92.89496756329433,5.0714850041303805
AAPL,2024-12-13,247.82000732421875,249.2899932861328,246.24000549316406,248.1300048828125,33155300,0,0,0,0,0,3.303572518484933,237.85549926757812,7.708615042363811,253.27272935230576,222.4382691828505,92.50465648562137,5.156678226259487
AAPL,2024-12-16,247.99000549316406,251.3800048828125,247.64999389648438,251.0399932861328,51694800,0,0,0,0,0,3.3192879813058034,239.15749893188476,7.626001167114594,254.40950126611395,223.90549659765557,92.473115211351,5.396795315927392
AAPL,2024-12-17,250.0800018310547,253.8300018310547,249.77999877929688,253.47999572753906,51356400,0,0,0,0,0,3.415715898786272,240.43049850463868,7.783949656006466,255.99839781665162,224.86259919262574,92.56007090683325,5.718063369358532
AAPL,2024-12-18,252.16000366210938,254.27999877929688,247.74000549316406,248.0500030517578,56774100,0,0,0,0,0,3.748572213309152,241.41899871826172,7.425217160010358,256.26943303828244,226.568564398241,74.35043915767366,5.4714441850117055
AAPL,2024-12-19,247.5,252,247.08999633789062,249.7899932861328,60882300,0,0,0,0,0,3.8250013078962053,242.45849838256837,7.060126866124696,256.57875211481775,228.33824465031898,73.70625285957485,5.354674025829581
AAPL,2024-12-20,248.0399932861328,255,245.69000244140625,254.49000549316406,147495300,0,0,0,0,0,4.230716160365513,243.75699844360352,6.758924930934519,257.2748483054726,230.23914858173447,75.94014003877392,5.577095256366562
AAPL,2024-12-23,254.77000427246094,255.64999389648438,253.4499969482422,255.27000427246094,40858800,0,0,0,0,0,4.112144470214844,245.0269989013672,6.407432180730361,257.8418632628279,232.21213453990646,73.86538671295861,5.750022387969153
AAPL,2024-12-24,255.49000549316406,258.2099914550781,255.2899932861328,258.20001220703125,23234700,0,0,0,0,0,4.117857796805246,246.2934997558594,6.382627959027673,259.05875567391473,233.52824383780404,76.18066283434823,6.053712113914457
AAPL,2024-12-26,258.19000244140625,260.1000061035156,257.6300048828125,259.0199890136719,27237100,0,0,0,0,0,4.122144426618304,247.4914993286133,6.410252299847914,260.31200392830914,234.67099472891746,76.81209808030943,6.288068742875282
AAPL,2024-12-27,257.8299865722656,258.70001220703125,253.05999755859375,255.58999633789062,42355300,0,0,0,0,0,4.365715026855469,248.52449951171874,5.9509625599911224,260.42642463170097,236.6225743917365,69.30065433150456,6.126404933960316
AAPL,2024-12-30,252.22999572753906,253.5,250.75,252.1999969482422,35557500,0,0,0,0,0,4.319285801478794,249.26799926757812,5.410248483907925,260.08849623539396,238.44750229976228,58.38204088759221,5.65950137242865
AAPL,2024-12-31,252.44000244140625,253.27999877929688,249.42999267578125,250.4199981689453,39480700,0,0,0,0,0,4.389285496303013,249.80949935913085,4.935659464201511,259.6808182875339,239.93818043072784,53.98256267256167,5.0872037919977515
AAPL,2025-01-02,248.92999267578125,249.10000610351562,241.82000732421875,243.85000610351562,55740700,0,0,0,0,0,4.679284232003348,249.86949996948243,4.854893031058698,259.57928603159985,240.15971390736505,46.57675999628027,4.056746733255579
AAPL,2025-01-03,243.36000061035156,244.17999267578125,241.88999938964844,243.36000061035156,40244100,0,0,0,0,0,4.6242828369140625,249.8870002746582,4.8307057888121765,259.5484118522825,240.22558869703383,43.87970797940588,3.1640890925270355
AAPL,2025-01-06,244.30999755859375,247.3300018310547,243.1999969482422,245,45045600,0,0,0,0,0,4.701426914760044,249.98500061035156,4.70915891656325,259.40331844347804,240.56668277722505,45.99230690479521,2.5594816148623636
AAPL,2025-01-07,242.97999572753906,245.5500030517578,241.35000610351562,242.2100067138672,40856000,0,0,0,0,0,4.7349973406110495,249.9535011291504,4.758692854763315,259.470886838677,240.43611541962377,38.65913799712619,1.8340548489678667
AAPL,2025-01-08,241.9199981689453,243.7100067138672,240.0500030517578,242.6999969482422,37628900,0,0,0,0,0,4.707140241350446,249.7510009765625,4.972091767563885,259.6951845116903,239.80681744143473,35.42453573689157,1.2838871753087346
AAPL,2025-01-10,240.00999450683594,240.16000366210938,233,236.85000610351562,61710900,0,0,0,0,0,4.932854788643973,249.20500106811522,5.705185946460304,260.61537296103586,237.79462917519461,35.02672127743169,0.37154699693314797
AAPL,2025-01-13,233.52999877929688,234.6699981689453,229.72000122070312,234.39999389648438,49630700,0,0,0,0,0,5.091426304408482,248.60050048828126,6.5402276376033255,261.68095576348793,235.5200452130746,29.808434181155718,-0.5429261621491719
AAPL,2025-01-14,234.75,236.1199951171875,232.47000122070312,233.27999877929688,39435300,0,0,0,0,0,4.687140328543527,247.86650009155272,7.345147921333461,262.5567959342196,233.1762042488858,19.28752449783579,-1.342550884030345
AAPL,2025-01-15,234.63999938964844,238.9600067138672,234.42999267578125,237.8699951171875,39832000,0,0,0,0,0,4.935712541852679,247.35349960327147,7.660356540766693,262.67421268480484,232.03278652173807,27.308253009674658,-1.5875842102988997
AAPL,2025-01-16,237.35000610351562,238.00999450683594,228.02999877929688,228.25999450683594,71759100,0,0,0,0,0,5.438570295061384,246.21449966430663,8.656346026493905,263.52719171729444,228.90180761131882,16.748050366946885,-2.5280794951208065
AAPL,2025-01-17,232.1199951171875,232.2899932861328,228.47999572753906,229.97999572753906,68488300,0,0,0,0,0,5.549998692103794,245.03949966430665,9.17007556031032,263.37965078492726,226.699348543686,18.37977597609631,-3.098916677929509
AAPL,2025-01-21,224,224.4199981689453,219.3800048828125,222.63999938964844,98070400,0,0,0,0,0,5.8814272199358255,243.76899948120118,10.34938834723857,264.4677761756783,223.07022278672403,16.937571827047364,-4.0963652705837035
AAPL,2025-01-22,219.7899932861328,224.1199951171875,219.7899932861328,223.8300018310547,64126500,0,0,0,0,0,5.844999040876116,242.47099990844725,11.112632420617729,264.6962647496827,220.2457350672118,20.218338876647536,-4.736230893199632
AAPL,2025-01-23,224.74000549316406,227.02999877929688,222.3000030517578,223.66000366210938,60234800,0,0,0,0,0,5.9078554425920755,240.92949981689452,11.471016999822702,263.8715338165399,217.98746581724913,20.925673872210055,-5.197137079459026
AAPL,2025-01-24,224.77999877929688,225.6300048828125,221.41000366210938,222.77999877929688,54697900,0,0,0,0,0,5.594999040876116,239.30499954223632,11.624669709782673,262.55433896180165,216.055660122671,23.87798866921976,-5.569219101174838
AAPL,2025-01-27,224.02000427246094,232.14999389648438,223.97999572753906,229.86000061035156,94863400,0,0,0,0,0,6.100713457380023,237.88799896240235,10.942320607591247,259.77264017758483,216.00335774721987,35.61380550175157,-5.232482999458625
AAPL,2025-01-28,230.85000610351562,240.19000244140625,230.80999755859375,238.25999450683594,75707600,0,0,0,0,0,6.543570382254464,236.84999923706056,9.815080524754379,256.48016028656934,217.2198381875518,43.72204887419481,-4.238943999255355
AAPL,2025-01-29,234.1199951171875,239.86000061035156,234.00999450683594,239.36000061035156,45486100,0,0,0,0,0,6.66142817905971,236.0384994506836,8.856235350410634,253.75097015150484,218.32602874986233,47.259081901470296,-3.3244734238953697
AAPL,2025-01-30,238.6699981689453,240.7899932861328,237.2100067138672,237.58999633789062,55658300,0,0,0,0,0,6.6557126726422995,235.30799942016603,8.059772412956075,251.42754424607818,219.18845459425387,45.20367918104966,-2.711319058394878
AAPL,2025-01-31,247.19000244140625,247.19000244140625,233.44000244140625,236,101075100,0,0,0,0,0,6.944998604910714,234.58699951171874,7.283227884093428,249.1534552799056,220.0205437435319,49.13282398067199,-2.326866553308605
AAPL,2025-02-03,229.99000549316406,231.8300018310547,225.6999969482422,228.00999450683594,73063300,0,0,0,0,0,7.171427045549665,233.79499893188478,7.091602687609319,247.97820430710343,219.61179355666613,44.1429889714346,-2.636519683498449
AAPL,2025-02-04,227.25,233.1300048828125,226.64999389648438,232.8000030517578,45067300,0,0,0,0,0,7.373571123395648,233.2669990539551,6.744411226521837,246.75582150699876,219.77817660091142,49.58777431151352,-2.466970660166254
AAPL,2025-02-05,228.52999877929688,232.6699981689453,228.27000427246094,232.47000122070312,39620300,0,0,0,0,0,7.2914276123046875,232.64049911499023,6.184106672448876,245.008712459888,220.27228577009248,44.99630124389055,-2.332344412908469
AAPL,2025-02-06,231.2899932861328,233.8000030517578,230.42999267578125,233.22000122070312,29925300,0,0,0,0,0,6.819285801478794,232.19099884033204,5.786116330457503,243.76323150124705,220.61876617941704,55.49889619122535,-2.1404595250238003
AAPL,2025-02-07,232.60000610351562,234,227.25999450683594,227.6300048828125,39707200,0,0,0,0,0,7.012857709612165,231.43749923706054,5.331937900039744,242.10137503714003,220.77362343698104,47.600581933936354,-2.411655294803154
AAPL,2025-02-10,229.57000732421875,230.58999633789062,227.1999969482422,227.64999389648438,33115600,0,0,0,0,0,6.497858319963727,230.97749862670898,5.241226909286595,241.45995244528217,220.4950448081358,56.01439784581849,-2.595052796590295
AAPL,2025-02-11,228.1999969482422,235.22999572753906,228.1300048828125,232.6199951171875,53718400,0,0,0,0,0,6.730001177106585,230.88849868774415,5.197283383458529,241.2830654546612,220.4939319208271,59.67421500211097,-2.3126997129020594
AAPL,2025-02-12,231.1999969482422,236.9600067138672,230.67999267578125,236.8699951171875,45243300,0,0,0,0,0,6.8407167707170755,231.06799850463867,5.336898511878065,241.7417955283948,220.39420148088254,63.340727983707524,-1.726096018127464
AAPL,2025-02-13,236.91000366210938,242.33999633789062,235.57000732421875,241.52999877929688,53614100,0,0,0,0,0,7.022858755929129,231.25099868774413,5.62212693298193,242.49525255370799,220.00674482178027,67.59241601940664,-0.8750974350090246
AAPL,2025-02-14,241.25,245.5500030517578,240.99000549316406,244.60000610351562,40896200,0,0,0,0,0,6.679287501743862,232.06799926757813,6.277206062566157,244.62241139271043,219.51358714244583,64.95535845603888,0.04651283614694535
AAPL,2025-02-18,244.14999389648438,245.17999267578125,241.83999633789062,244.47000122070312,48822500,0,0,0,0,0,6.180001395089286,232.79249954223633,6.808150261784954,246.40880006580625,219.1761990186664,57.57132763290226,0.7576713447069494
AAPL,2025-02-19,244.66000366210938,246.00999450683594,243.16000366210938,244.8699951171875,32204200,0,0,0,0,0,5.965714590890067,233.90399932861328,6.874235245658962,247.6524698199312,220.15552883729535,56.83452338727597,1.3381207281164507
AAPL,2025-02-20,244.94000244140625,246.77999877929688,244.2899932861328,245.8300018310547,32316900,0,0,0,0,0,5.887858799525669,235.00399932861328,6.934141310791916,248.8722819501971,221.13571670702945,60.43038267096694,1.8542212566447063
AAPL,2025-02-21,245.9499969482422,248.69000244140625,245.22000122070312,245.5500030517578,53197400,0,0,0,0,0,5.153573172433036,236.0984992980957,6.783139640106191,249.66477857830807,222.53222001788333,62.503271308655314,2.2151067110560234
AAPL,2025-02-24,244.92999267578125,248.86000061035156,244.4199981689453,247.10000610351562,51326400,0,0,0,0,0,4.735001700265067,237.31449966430665,6.45870430369572,250.2319082716981,224.3970910569152,80.06299594044317,2.5962553109651765
AAPL,2025-02-25,248,250,244.91000366210938,247.0399932861328,48013300,0,0,0,0,0,4.635714939662388,238.1734992980957,6.551928297369111,251.27735589283392,225.06964270335746,76.35081410267995,2.860501706533398
AAPL,2025-02-26,244.3300018310547,244.97999572753906,239.1300048828125,240.36000061035156,44433600,0,0,0,0,0,4.877142769949777,238.27849960327148,6.5692773330212795,251.41705426931404,225.13994493722893,61.82199121419593,2.5020571396765376
AAPL,2025-02-27,239.41000366210938,242.4600067138672,237.05999755859375,237.3000030517578,41153600,0,0,0,0,0,5.022142682756696,238.1754997253418,6.567662160688846,251.3108240467195,225.04017540396413,55.71749008371377,1.9486086608019946
AAPL,2025-02-28,236.9499969482422,242.08999633789062,230.1999969482422,241.83999633789062,56833400,0,0,0,0,0,5.3899993896484375,238.38799972534179,6.613873000540405,251.6157457264226,225.16025372426097,70.5168776371308,1.854953520283516
AAPL,2025-03-03,241.7899932861328,244.02999877929688,236.11000061035156,238.02999877929688,47184000,0,0,0,0,0,5.713570731026786,238.48949966430663,6.591987176043678,251.67347401639398,225.3055253122193,63.508590909704694,1.4565064850574743
AAPL,2025-03-04,237.7100067138672,240.07000732421875,234.67999267578125,235.92999267578125,53798100,0,0,0,0,0,5.557143075125558,238.8854995727539,6.175275814534669,251.23605120182324,226.53494794368456,54.655409076978934,0.9602126630465762
AAPL,2025-03-05,235.4199981689453,236.5500030517578,229.22999572753906,235.74000549316406,47227600,0,0,0,0,0,5.631428309849331,239.03249969482422,6.06262860519858,251.1577569052214,226.90724248442706,48.20579640059329,0.5452802048743024
AAPL,2025-03-06,234.44000244140625,237.86000061035156,233.16000366210938,235.3300018310547,45170400,0,0,0,0,0,5.48357173374721,239.1754997253418,5.938612784671424,251.05272529468465,227.29827415599897,38.619684842211036,0.18126980784882107
AAPL,2025-03-07,235.11000061035156,241.3699951171875,234.75999450683594,239.07000732421875,46273600,0,0,0,0,0,5.630000523158482,239.46800003051757,5.780028000635638,251.02805603178885,227.9079440292463,40.09316006145065,0.19235874059864955
AAPL,2025-03-10,235.5399932861328,236.16000366210938,224.22000122070312,227.47999572753906,72071200,0,0,0,0,0,6.452144077845982,239.46049957275392,5.795461442700009,251.05142245815392,227.8695766873539,28.42265555569766,-0.7257048011768745
AAPL,2025-03-11,223.80999755859375,225.83999633789062,217.4499969482422,220.83999633789062,76137400,0,0,0,0,0,6.965001787458148,239.11999969482423,6.620663711930269,252.36132711868476,225.8786722709637,23.657103246531236,-1.9664017746632396
AAPL,2025-03-12,220.13999938964844,221.75,214.91000366210938,216.97999572753906,62547500,0,0,0,0,0,7.275715419224331,238.3379997253418,8.100503061063861,254.53900584746953,222.13699360321408,20.26386281624785,-3.2239689475975695
AAPL,2025-03-13,215.9499969482422,216.83999633789062,208.4199981689453,209.67999267578125,61368300,0,0,0,0,0,7.639286586216518,236.97849960327147,10.233583232990817,257.4456660692531,216.51133313728985,17.702141808054762,-4.7548384125997245
AAPL,2025-03-14,211.25,213.9499969482422,209.5800018310547,213.49000549316406,60107600,0,0,0,0,0,7.634286063058036,235.57649993896484,11.371467946944863,258.3194358328546,212.83356404507512,20.920585943595583,-5.596118726954359
AAPL,2025-03-17,213.30999755859375,215.22000122070312,209.97000122070312,214,48073400,0,0,0,0,0,7.645714896065848,234.04649963378907,12.090304654568454,258.22710894292595,209.86589032465216,21.63462382398737,-6.1507847250976795
AAPL,2025-03-18,214.16000366210938,215.14999389648438,211.49000549316406,212.69000244140625,42432400,0,0,0,0,0,7.342143467494419,232.4574996948242,12.689486797504543,257.8364732898333,207.07852609981512,23.83204772216368,-6.6197589194841555
AAPL,2025-03-19,214.22000122070312,218.75999450683594,213.75,215.24000549316406,54385400,0,0,0,0,0,7.3899993896484375,230.97600021362305,12.882035462998205,256.7400711396195,205.21192928762665,28.934309709028156,-6.708330948911907
AAPL,2025-03-20,213.99000549316406,217.49000549316406,212.22000122070312,214.10000610351562,48862900,0,0,0,0,0,6.917142595563616,229.3895004272461,12.908824375420682,255.20714917808746,203.57185167640475,21.67077432086576,-6.792216895370927
AAPL,2025-03-21,211.55999755859375,218.83999633789062,211.27999877929688,218.27000427246094,94127800,0,0,0,0,0,6.89142826625279,228.02550048828124,12.565879133786488,253.15725875585423,202.89374222070825,29.967573541172882,-6.447885895269195
AAPL,2025-03-24,221,221.47999572753906,218.5800018310547,220.72999572753906,44299500,0,0,0,0,0,6.735712323869977,226.7069999694824,11.858847163585423,250.42469429665326,202.98930564231156,34.70209891244288,-5.908392079453705
AAPL,2025-03-25,220.77000427246094,224.10000610351562,220.0800018310547,223.75,34493600,0,0,0,0,0,6.499997820172991,225.5425003051758,10.910630511631135,247.36376132843807,203.7212392819135,38.58312723371449,-5.177467614222962
AAPL,2025-03-26,223.50999450683594,225.02000427246094,220.47000122070312,221.52999877929688,34466100,0,0,0,0,0,6.489283970424107,224.60100021362305,10.391464208618883,245.38392863086082,203.81807179638528,37.297498789999885,-4.722897630702562
AAPL,2025-03-27,221.38999938964844,224.99000549316406,220.55999755859375,223.85000610351562,37094800,0,0,0,0,0,6.333570207868304,223.92850036621093,9.974729986709466,243.87796033962985,203.979040392792,35.61437221505595,-4.1278590521583
AAPL,2025-03-28,221.6699981689453,223.80999755859375,217.67999267578125,217.89999389648438,39818600,0,0,0,0,0,5.713570731026786,222.73150024414062,9.15633601016949,241.04417226447958,204.41882822380165,39.86458235463719,-4.08926445525961
AAPL,2025-03-31,217.00999450683594,225.6199951171875,216.22999572753906,222.1300048828125,65299300,0,0,0,0,0,5.66785648890904,221.9365005493164,8.457088835901631,238.85067822111967,205.02232287751315,51.43813544214049,-3.674988445044903
AAPL,2025-04-01,219.80999755859375,223.67999267578125,218.89999389648438,223.19000244140625,36412700,0,0,0,0,0,5.520713806152344,221.29950103759765,7.836086743739126,236.9716745250759,205.6273275501194,57.384068675745006,-3.2239748033644275
AAPL,2025-04-02,221.32000732421875,225.19000244140625,221.02000427246094,223.88999938964844,35905900,0,0,0,0,0,5.207142421177456,220.70700073242188,7.138790127382082,234.98458098718604,206.42942047765771,70.04230705824979,-2.7780358710955397
AAPL,2025-04-03,205.5399932861328,207.49000549316406,201.25,203.19000244140625,103419000,0,0,0,0,0,6.512142726353237,219.10000076293946,7.2822063264324495,233.66441341580435,204.53558811007457,40.160488374432056,-4.048276796145302
AAPL,2025-04-04,193.88999938964844,199.8800048828125,187.33999633789062,188.3800048828125,125910900,0,0,0,0,0,7.269286019461496,216.56550064086915,8.593758627796822,233.75301789646278,199.3779833852755,30.77731881336838,-6.1787698982670065
AAPL,2025-04-07,177.1999969482422,194.14999389648438,174.6199951171875,181.4600067138672,160466300,0,0,0,0,0,8.402858189174108,214.26450119018554,11.145472799476815,236.55544678913918,191.9735555912319,28.38755077374188,-8.329568964423373
AAPL,2025-04-08,186.6999969482422,190.33999633789062,169.2100067138672,172.4199981689453,120859500,0,0,0,0,0,9.478572300502233,211.84350128173827,14.273982912979488,240.39146710769725,183.2955354557793,22.809248133734712,-10.640884367822565
AAPL,2025-04-09,171.9499969482422,200.61000061035156,171.88999938964844,198.85000610351562,184395900,0,0,0,0,0,11.153572082519531,210.9370018005371,14.4930056916552,239.9230131838475,181.9509904172267,42.67038560737092,-10.222103673507803
AAPL,2025-04-10,189.07000732421875,194.77999877929688,183,190.4199981689453,121880000,0,0,0,0,0,11.745715550013951,209.9740020751953,15.16865893252575,240.3113199402468,179.6366842101438,37.141012070629195,-10.449987196406283
AAPL,2025-04-11,186.10000610351562,199.5399932861328,186.05999755859375,198.14999389648438,87435900,0,0,0,0,0,12.479287283761161,209.20700149536134,15.358130367677582,239.9232622307165,178.4907407600062,40.058122043661136,-9.89280240905694
AAPL,2025-04-14,211.44000244140625,212.94000244140625,201.16000366210938,202.52000427246094,101352900,0,0,0,0,0,13.248573303222656,208.63300170898438,15.382777626147366,239.3985569612791,177.86744645668966,40.76234157443918,-8.994918315938293
AAPL,2025-04-15,201.86000061035156,203.50999450683594,199.8000030517578,202.13999938964844,51343900,0,0,0,0,0,13.188572474888392,208.1055015563965,15.415465685256521,238.93643292690953,177.27457018588345,41.42566981356271,-8.219255460802543
AAPL,2025-04-16,198.36000061035156,200.6999969482422,192.3699951171875,194.27000427246094,59732400,0,0,0,0,0,13.570000784737724,207.05700149536133,15.606512161557184,238.2700258184757,175.84397717224698,37.53161708247988,-8.145681547058189
AAPL,2025-04-17,197.1999969482422,198.8300018310547,194.4199981689453,196.97999572753906,51334300,0,0,0,0,0,13.454999651227679,206.2010009765625,15.666128798377743,237.533258573318,174.86874337980703,40.93430641489272,-7.779028233069226