symbol,date,open,high,low,close,adjclose,volume,dailyReturn,SMA20,RSI14,MACD,BB_upper,BB_lower,ATR14,Volatility5,VWAPratio,OBV,NewsSentMA3d,peRatio,earningsGrowth,debtToEquity,revenue,netIncome
AAPL,2025-02-25,248,250,244.91000366210938,247.0399932861328,247.0399932861328,48013300,0.000000,0,0,0,0,0,0,0,0.9988813031966336,0,0,0,0,0,0,0
AAPL,2025-02-26,244.3300018310547,244.97999572753906,239.1300048828125,240.36000061035156,240.36000061035156,44433600,-0.027040,0,0,0,0,0,0,0,0.9953207180643279,-44433600,0,0,0,0,0,0
AAPL,2025-02-27,239.41000366210938,242.4600067138672,237.05999755859375,237.3000030517578,237.3000030517578,41153600,-0.012731,0,0,0,0,0,0,0,0.993136354846859,-85587200,0,0,0,0,0,0
AAPL,2025-02-28,236.9499969482422,242.08999633789062,230.1999969482422,241.83999633789062,241.83999633789062,56833400,0.019132,0,0,0,0,0,0,0,1.015949476363043,-28753800,0,0,0,0,0,0
AAPL,2025-03-03,241.7899932861328,244.02999877929688,236.11000061035156,238.02999877929688,238.02999877929688,47184000,-0.015754,0,0,0,0,0,0,3.4661395028524273,0.994318891291119,-75937800,0,0,0,0,0,0
AAPL,2025-03-04,237.7100067138672,240.07000732421875,234.67999267578125,235.92999267578125,235.92999267578125,53798100,-0.008822,0,0,0,0,0,0,2.130572343698161,0.9959334515137308,-129735900,0,0,0,0,0,0
AAPL,2025-03-05,235.4199981689453,236.5500030517578,229.22999572753906,235.74000549316406,235.74000549316406,47227600,-0.000805,0,0,0,0,0,0,2.207254010001909,1.0081252311727626,-176963500,0,0,0,0,0,0
AAPL,2025-03-06,234.44000244140625,237.86000061035156,233.16000366210938,235.3300018310547,235.3300018310547,45170400,-0.001739,0,0,0,0,0,0,2.4210940255969366,0.9994903367916177,-222133900,0,0,0,0,0,0
AAPL,2025-03-07,235.11000061035156,241.3699951171875,234.75999450683594,239.07000732421875,239.07000732421875,46273600,0.015893,0,0,0,0,0,0,1.4632310631168064,1.002810437685949,-175860300,0,0,0,0,0,0
AAPL,2025-03-10,235.5399932861328,236.16000366210938,224.22000122070312,227.47999572753906,227.47999572753906,72071200,-0.048480,0,0,0,0,0,0,3.8526957150146677,0.9921204701204822,-247931500,0,0,0,0,0,0
AAPL,2025-03-11,223.80999755859375,225.83999633789062,217.4499969482422,220.83999633789062,220.83999633789062,76137400,-0.029189,0,0,0,0,0,0,6.626663735928128,0.9975757748701229,-324068900,0,0,0,0,0,0
AAPL,2025-03-12,220.13999938964844,221.75,214.91000366210938,216.97999572753906,216.97999572753906,62547500,-0.017479,0,0,0,0,0,0,8.357422326114238,0.9958692671660969,-386616400,0,0,0,0,0,0
AAPL,2025-03-13,215.9499969482422,216.83999633789062,208.4199981689453,209.67999267578125,209.67999267578125,61368300,-0.033644,0,0,0,0,0,0,9.964573797795126,0.99070776880591,-447984700,0,0,0,0,0,0
AAPL,2025-03-14,211.25,213.9499969482422,209.5800018310547,213.49000549316406,213.49000549316406,60107600,0.018171,0,0,0,0,0,0,6.133036615651754,1.0054158616431073,-387877100,0,0,0,0,0,0
AAPL,2025-03-17,213.30999755859375,215.22000122070312,209.97000122070312,214,214,48073400,0.002389,0,21.63462382398737,0,0,0,7.645714896065848,3.7311789452928448,1.0043961850902876,-339803700,0,0,0,0,0,0
AAPL,2025-03-18,214.16000366210938,215.14999389648438,211.49000549316406,212.69000244140625,212.69000244140625,42432400,-0.006121,0,23.83204772216368,0,0,0,7.342143467494419,2.3461415638903884,0.9980291954026445,-382236100,0,0,0,0,0,0
AAPL,2025-03-19,214.22000122070312,218.75999450683594,213.75,215.24000549316406,215.24000549316406,54385400,0.011989,0,28.934309709028156,0,0,0,7.3899993896484375,1.8640963959939565,0.9968661003156962,-327850700,0,0,0,0,0,0
AAPL,2025-03-20,213.99000549316406,217.49000549316406,212.22000122070312,214.10000610351562,214.10000610351562,48862900,-0.005296,0,21.67077432086576,0,0,0,6.917142595563616,0.8339935964101343,0.997654596112558,-376713600,0,0,0,0,0,0
AAPL,2025-03-21,211.55999755859375,218.83999633789062,211.27999877929688,218.27000427246094,218.27000427246094,94127800,0.019477,0,29.967573541172882,0,0,0,6.89142826625279,1.8867227374453297,1.0099014689211396,-282585800,0,0,0,0,0,0
AAPL,2025-03-24,221,221.47999572753906,218.5800018310547,220.72999572753906,220.72999572753906,44299500,0.011270,226.7069999694824,34.70209891244288,0,250.42469429665326,202.98930564231156,6.735712323869977,2.914009110857176,1.0021186669149182,-238286300,0,0,0,0,0,0
AAPL,2025-03-25,220.77000427246094,224.10000610351562,220.0800018310547,223.75,223.75,34493600,0.013682,225.5425003051758,38.58312723371449,0,247.36376132843807,203.7212392819135,6.499997820172991,3.536726490840294,1.0049705688110886,-203792700,0,0,0,0,0,0
AAPL,2025-03-26,223.50999450683594,225.02000427246094,220.47000122070312,221.52999877929688,221.52999877929688,34466100,-0.009922,224.60100021362305,37.297498789999885,0,245.38392863086082,203.81807179638528,6.489283970424107,3.2928475940070236,0.996356918954446,-238258800,0,0,0,0,0,0
AAPL,2025-03-27,221.38999938964844,224.99000549316406,220.55999755859375,223.85000610351562,223.85000610351562,37094800,0.010473,223.92850036621093,35.61437221505595,0,243.87796033962985,203.979040392792,6.333570207868304,2.0752024654175396,1.0032118451237946,-201164000,0,0,0,0,0,0
AAPL,2025-03-28,221.6699981689453,223.80999755859375,217.67999267578125,217.89999389648438,217.89999389648438,39818600,-0.026580,222.73150024414062,39.86458235463719,0,241.04417226447958,204.41882822380165,5.713570731026786,2.196604639417884,0.9913708085073415,-240982600,0,0,0,0,0,0
AAPL,2025-03-31,217.00999450683594,225.6199951171875,216.22999572753906,222.1300048828125,222.1300048828125,65299300,0.019413,221.9365005493164,51.43813544214049,0,238.85067822111967,205.02232287751315,5.66785648890904,2.1629496655906735,1.0036296559179583,-175683300,1.3333333333333333,0,0,0,0,0
AAPL,2025-04-01,219.80999755859375,223.67999267578125,218.89999389648438,223.19000244140625,223.19000244140625,36412700,0.004772,221.29950103759765,57.384068675745006,0,236.9716745250759,205.6273275501194,5.520713806152344,2.0733781265095907,1.0057077044223284,-139270600,1.3333333333333333,0,0,0,0,0
AAPL,2025-04-02,221.32000732421875,225.19000244140625,221.02000427246094,223.88999938964844,223.88999938964844,35905900,0.003136,220.70700073242188,70.04230705824979,-3.7566189588866905,234.98458098718604,206.42942047765771,5.207142421177456,2.2384528061478455,1.002342922028249,-103364700,1.3333333333333333,0,0,0,0,0
AAPL,2025-04-03,205.5399932861328,207.49000549316406,201.25,203.19000244140625,203.19000244140625,103419000,-0.092456,219.10000076293946,40.160488374432056,-4.959391411638677,233.66441341580435,204.53558811007457,6.512142726353237,7.720274438438019,0.9961433487821308,-206783700,-0.4444444444444444,0,0,0,0,0
AAPL,2025-04-04,193.88999938964844,199.8800048828125,187.33999633789062,188.3800048828125,188.3800048828125,125910900,-0.072887,216.56550064086915,30.77731881336838,-7.02664152702576,233.75301789646278,199.3779833852755,7.269286019461496,14.174651889826361,0.9818276731338377,-332694600,-0.4444444444444444,0,0,0,0,0
AAPL,2025-04-07,177.1999969482422,194.14999389648438,174.6199951171875,181.4600067138672,181.4600067138672,160466300,-0.036734,214.26450119018554,28.38755077374188,-9.118228889857164,236.55544678913918,191.9735555912319,8.402858189174108,17.415840430871558,0.9893681267263477,-493160900,-0.4444444444444444,0,0,0,0,0
AAPL,2025-04-08,186.6999969482422,190.33999633789062,169.2100067138672,172.4199981689453,172.4199981689453,120859500,-0.049818,211.84350128173827,22.809248133734712,-11.374165780105074,240.39146710769725,183.2955354557793,9.478572300502233,18.068277987730454,0.9723480521831825,-614020400,-0.6666666666666666,0,0,0,0,0
AAPL,2025-04-09,171.9499969482422,200.61000061035156,171.88999938964844,198.85000610351562,198.85000610351562,184395900,0.153289,210.9370018005371,42.67038560737092,-10.90364087848053,239.9230131838475,181.9509904172267,11.153572082519531,11.228652172645988,1.044106085477954,-429624500,-1.6666666666666667,0,0,0,0,0
AAPL,2025-04-10,189.07000732421875,194.77999877929688,183,190.4199981689453,190.4199981689453,121880000,-0.042394,209.9740020751953,37.141012070629195,-11.083217262261996,240.3113199402468,179.6366842101438,11.745715550013951,8.886880938713107,1.0053854233985018,-551504500,-2.6666666666666665,0,0,0,0,0
AAPL,2025-04-11,186.10000610351562,199.5399932861328,186.05999755859375,198.14999389648438,198.14999389648438,87435900,0.040594,209.20700149536134,40.058122043661136,-10.48096870419866,239.9232622307165,178.4907407600062,12.479287283761161,10.117028885340881,1.018329759705237,-464068600,-1.3333333333333333,0,0,0,0,0
AAPL,2025-04-14,211.44000244140625,212.94000244140625,201.16000366210938,202.52000427246094,202.52000427246094,101352900,0.022054,208.63300170898438,40.76234157443918,-9.541075488211277,239.3985569612791,177.86744645668966,13.248573303222656,10.771949269762292,0.9853070004116968,-362715700,-0.7777777777777777,0,0,0,0,0
AAPL,2025-04-15,201.86000061035156,203.50999450683594,199.8000030517578,202.13999938964844,202.13999938964844,51343900,-0.001876,208.1055015563965,41.42566981356271,-8.726275489263656,238.93643292690953,177.27457018588345,13.188572474888392,4.356746225102059,1.0016021161542528,-414059600,0.3333333333333333,0,0,0,0,0
AAPL,2025-04-16,198.36000061035156,200.6999969482422,192.3699951171875,194.27000427246094,194.27000427246094,59732400,-0.038933,207.05700149536133,37.53161708247988,-8.616260565085895,238.2700258184757,175.84397717224698,13.570000784737724,4.641375391510349,0.9922872892213154,-473792000,-0.22222222222222224,0,0,0,0,0
AAPL,2025-04-17,197.1999969482422,198.8300018310547,194.4199981689453,196.97999572753906,196.97999572753906,51334300,0.013950,206.2010009765625,40.93430641489272,-8.215693878044789,237.533258573318,174.86874337980703,13.454999651227679,3.138442051288439,1.001202906426677,-422457700,0.6666666666666666,0,0,0,0,0
AAPL,2025-04-21,193.27000427246094,193.8000030517578,189.80999755859375,193.16000366210938,193.16000366210938,46742500,-0.019393,204.94550094604492,37.40106074927728,-8.112962149792821,236.25502982916223,173.6359720629276,13.29642813546317,3.892965391267847,1.0046985916288862,-469200200,-7.401486830834377e-17,0,0,0,0,0
AAPL,2025-04-22,196.1199951171875,201.58999633789062,195.97000122070312,199.74000549316406,199.74000549316406,52976400,0.034065,203.89600143432617,40.26890369360444,-7.4151184884310055,234.41599788686455,173.3760049817878,13.557141985212054,3.3404564998596493,1.003214487557215,-416223800,-0.3333333333333333,0,0,0,0,0
AAPL,2025-04-23,206,208,202.8000030517578,204.60000610351562,204.60000610351562,52929200,0.024332,202.93850173950196,42.26233779810487,-6.396179747923696,232.07723598631324,173.79976749269068,13.84928458077567,4.114706519452523,0.9974000799140013,-363294600,-0.7777777777777778,0,0,0,0,0
AAPL,2025-04-24,204.88999938964844,208.8300018310547,202.94000244140625,208.3699951171875,208.3699951171875,47311000,0.018426,202.28050155639647,52.40437830350939,-5.224235118254114,230.2823844960963,174.27861861669663,12.652856009347099,5.395663820286299,1.0080142967181696,-315983600,-0.3333333333333333,0,0,0,0,0
AAPL,2025-04-25,206.3699951171875,209.75,206.1999969482422,209.27999877929688,209.27999877929688,38198600,0.004367,201.55200119018554,61.13834590966251,-4.173916553663759,227.98554964716374,175.11845273320733,11.774284362792969,5.971328885982472,1.0041744648020519,-277785000,0.22222222222222224,0,0,0,0,0
NVDA,2025-02-25,129.97999572753906,130.1999969482422,124.44000244140625,126.62999725341797,126.62999725341797,271428700,0.000000,0,0,0,0,0,0,0,0.996380504904758,0,0,0,0,0,0,0
NVDA,2025-02-26,129.99000549316406,133.72999572753906,128.49000549316406,131.27999877929688,131.27999877929688,322553800,0.036721,0,0,0,0,0,0,0,1.000864031354233,322553800,0,0,0,0,0,0
NVDA,2025-02-27,135,135.00999450683594,120.01000213623047,120.1500015258789,120.1500015258789,443175800,-0.084781,0,0,0,0,0,0,0,0.9607644703383772,-120622000,0,0,0,0,0,0
NVDA,2025-02-28,118.0199966430664,125.08999633789062,116.4000015258789,124.91999816894531,124.91999816894531,389091100,0.039700,0,0,0,0,0,0,0,1.0227886754306112,268469100,0,0,0,0,0,0
NVDA,2025-03-03,123.51000213623047,123.69999694824219,112.27999877929688,114.05999755859375,114.05999755859375,411381400,-0.086936,0,0,0,0,0,0,5.875976059295715,0.9775454212058375,-142912300,0,0,0,0,0,0
NVDA,2025-03-04,110.6500015258789,119.30999755859375,110.11000061035156,115.98999786376953,115.98999786376953,398163300,0.016921,0,0,0,0,0,0,6.239214961236836,1.0074114750238765,255251000,0,0,0,0,0,0
NVDA,2025-03-05,117.58000183105469,118.27999877929688,114.51000213623047,117.30000305175781,117.30000305175781,284337900,0.011294,0,0,0,0,0,0,3.778659194620097,1.0051701138777942,539588900,0,0,0,0,0,0
NVDA,2025-03-06,113.52999877929688,115.3499984741211,110.22000122070312,110.56999969482422,110.56999969482422,321181900,-0.057374,0,0,0,0,0,0,4.751670701097065,0.9868209665222241,218407000,0,0,0,0,0,0
NVDA,2025-03-07,111.25,113.4800033569336,107.55999755859375,112.69000244140625,112.69000244140625,341755500,0.019173,0,0,0,0,0,0,2.377405598317505,1.013004536372606,560162500,0,0,0,0,0,0
NVDA,2025-03-10,109.9000015258789,111.8499984741211,105.45999908447266,106.9800033569336,106.9800033569336,366487400,-0.050670,0,0,0,0,0,0,3.7212712019092207,0.9896697683084,193675100,0,0,0,0,0,0
NVDA,2025-03-11,106.98999786376953,112.23999786376953,104.7699966430664,108.76000213623047,108.76000213623047,354865700,0.016639,0,0,0,0,0,0,3.565697823773162,1.0015655516802666,548540800,0,0,0,0,0,0
NVDA,2025-03-12,114.12000274658203,116.76000213623047,112.87999725341797,115.73999786376953,115.73999786376953,323857500,0.064178,0,0,0,0,0,0,3.055258819615462,1.0053274548396633,872398300,0,0,0,0,0,0
NVDA,2025-03-13,117.02999877929688,117.76000213623047,113.79000091552734,115.58000183105469,115.58000183105469,299033100,-0.001382,0,0,0,0,0,0,3.548677323089804,0.9988765033729075,573365200,0,0,0,0,0,0
NVDA,2025-03-14,118.61000061035156,121.87999725341797,118.1500015258789,121.66999816894531,121.66999816894531,277593500,0.052691,0,0,0,0,0,0,5.3060008000371806,1.009151223628756,850958700,0,0,0,0,0,0
NVDA,2025-03-17,122.73999786376953,122.88999938964844,118.02999877929688,119.52999877929688,119.52999877929688,255501500,-0.017589,0,44.65039238614858,0,0,0,7.6592848641531805,4.4032637868478774,0.9948397818668351,595457200,0,0,0,0,0,0
NVDA,2025-03-18,118,119.0199966430664,114.54000091552734,115.43000030517578,115.43000030517578,299686900,-0.034301,0,37.95775649626061,0,0,0,7.508570534842355,2.5510068422930634,0.9922633973329628,295770300,0,0,0,0,0,0
NVDA,2025-03-19,117.2699966430664,120.44999694824219,115.68000030517578,117.5199966430664,117.5199966430664,273426200,0.018106,0,47.68363097429953,0,0,0,6.795713697160993,2.3869183125966082,0.9969178453666135,569196500,0,0,0,0,0,0
NVDA,2025-03-20,116.55000305175781,120.19999694824219,116.47000122070312,118.52999877929688,118.52999877929688,248829700,0.008594,0,43.97283526522116,0,0,0,6.441428048270089,2.073138250883617,1.0010979712640744,818026200,0,0,0,0,0,0
NVDA,2025-03-21,116.94000244140625,117.98999786376953,115.41999816894531,117.69999694824219,117.69999694824219,266498500,-0.007002,0,54.234527398191595,0,0,0,5.760713849748884,1.3575178854541778,1.0056677334839554,551527700,0,0,0,0,0,0
NVDA,2025-03-24,119.87999725341797,122.22000122070312,119.33999633789062,121.41000366210938,121.41000366210938,228452500,0.031521,117.62199974060059,56.05451914618284,0,129.07946121294066,106.1645382682605,5.426428658621652,1.9372510436718704,1.0034713881626236,779980200,0,0,0,0,0,0
NVDA,2025-03-25,120.55000305175781,121.29000091552734,118.91999816894531,120.69000244140625,120.69000244140625,167447200,-0.005930,117.325,53.837445698641496,0,128.1219584736969,106.5280415263031,5.335000719342913,1.5887759716659116,1.0032419113144724,612533000,0,0,0,0,0,0
NVDA,2025-03-26,118.7300033569336,118.83999633789062,112.70999908447266,113.76000213623047,113.76000213623047,293463300,-0.057420,116.44900016784668,53.59477438861667,0,125.22956126761164,107.66843906808171,5.399286542619977,2.6958893603264866,0.9883293528180617,319069700,0,0,0,0,0,0
NVDA,2025-03-27,111.3499984741211,114.44999694824219,110.66000366210938,111.43000030517578,111.43000030517578,236902100,-0.020482,116.01300010681152,48.58680764904233,0,124.88072014793156,107.14528006569148,5.247142791748047,3.8749634533628883,0.9933143162955991,82167600,0,0,0,0,0,0
NVDA,2025-03-28,111.48999786376953,112.87000274658203,109.06999969482422,109.66999816894531,109.66999816894531,229872500,-0.015795,115.25050010681153,53.310355640973405,0,123.52640764306796,106.9745925705551,5.002142769949777,4.803901778971508,0.9921594460398355,-147704900,0,0,0,0,0,0
NVDA,2025-03-31,105.12999725341797,110.95999908447266,103.6500015258789,108.37999725341797,108.37999725341797,299212700,-0.011763,114.96650009155273,49.52665061211922,0,123.75998200386898,106.17301817923648,4.990713936941964,4.344720878066287,1.0066565339815605,-446917600,0,0,0,0,0,0
NVDA,2025-04-01,108.5199966430664,110.19999694824219,106.47000122070312,110.1500015258789,110.1500015258789,222614000,0.016331,114.6745002746582,41.99828933855152,0,123.69749815333734,105.65150239597907,4.685713631766183,1.8242756551626693,1.0111070463441714,-224303600,0,0,0,0,0,0
NVDA,2025-04-02,107.29000091552734,111.9800033569336,106.79000091552734,110.41999816894531,110.41999816894531,220601200,0.002451,114.33050003051758,42.636982871316704,-2.814567877939382,123.45095236106373,105.21004769997144,4.772856576102121,0.9976582572672427,1.0062881377018675,-3702400,0,0,0,0,0,0
NVDA,2025-04-03,103.51000213623047,105.62999725341797,101.5999984741211,101.80000305175781,101.80000305175781,338769400,-0.078066,113.89200019836426,23.55604039983949,-3.524181778740939,124.4270806752549,103.35691972147362,4.952856881277902,3.2192195315540424,0.9882536011443475,-342471800,0,0,0,0,0,0
NVDA,2025-04-04,98.91000366210938,100.12999725341797,92.11000061035156,94.30999755859375,94.30999755859375,532273800,-0.073576,112.97299995422364,20.619765458407016,-4.637478785618583,126.53809046681845,99.40790944162883,5.297857012067523,6.194169678426029,0.9873669418795616,-874745600,0,0,0,0,0,0
NVDA,2025-04-07,87.45999908447266,101.75,86.62000274658203,97.63999938964844,97.63999938964844,611041300,0.035309,112.50599975585938,28.8968044705519,-5.191230097525562,127.43839084012406,97.5736086715947,6.022142682756696,6.508028214668724,1.0241599803541959,-263704300,0.5555555555555556,0,0,0,0,0
NVDA,2025-04-08,103.80999755859375,105.8499984741211,94.45999908447266,96.30000305175781,96.30000305175781,476243400,-0.013724,111.88299980163575,24.371998806571526,-5.672815817882409,128.34945521629598,95.4165443869755,6.477142878941128,5.716780574392181,0.9740062997228252,-739947700,1.5555555555555556,0,0,0,0,0
NVDA,2025-04-09,98.88999938964844,115.0999984741211,97.52999877929688,114.33000183105469,114.33000183105469,612918300,0.187227,111.8125,46.40534407490544,-4.547188592829116,128.22428082997106,95.40071917002892,7.553571428571429,7.160834909292997,1.0490274237019126,-127029400,1.5555555555555556,0,0,0,0,0
NVDA,2025-04-10,109.37000274658203,110.86000061035156,99.1500015258789,107.56999969482422,107.56999969482422,437812400,-0.059127,111.41199989318848,42.12898594282876,-4.152726537425906,127.82741631883134,94.99658346754562,8.415714263916016,7.66400743402133,1.0161534014227602,-564841800,1.8333333333333333,0,0,0,0,0
NVDA,2025-04-11,108.5,111.55000305175781,107.4800033569336,110.93000030517578,110.93000030517578,313417300,0.031235,110.875,41.81249835342189,-3.5283163138491886,126.60120678617734,95.14879321382266,8.383571079799108,7.184033812241672,1.008576779440165,-251424500,1.5,0,0,0,0,0
NVDA,2025-04-14,114.11000061035156,114.29000091552734,109.06999969482422,110.70999908447266,110.70999908447266,264705000,-0.001983,110.43400001525879,42.14173058436469,-3.01644724672866,125.65107267138889,95.21692735912869,8.578570774623326,6.2139782605438745,0.9941928265238469,-516129500,2.3333333333333335,0,0,0,0,0
NVDA,2025-04-15,110.97000122070312,113.62000274658203,110.5,112.19999694824219,112.19999694824219,228966900,0.013459,110.2724998474121,48.65655782932049,-2.4621745326813453,125.34189652608427,95.20310316873994,8.231427873883929,2.203328758253274,1.000832514123919,-287162600,1.8333333333333333,0,0,0,0,0
NVDA,2025-04-16,104.55000305175781,106.79000091552734,100.44999694824219,104.48999786376953,104.48999786376953,397016900,-0.068717,109.62099990844726,44.53026310346055,-2.61489897675969,124.506265490722,94.73573432617252,8.799999782017299,2.796855407578291,1.005581746664156,-684179500,1.1666666666666667,0,0,0,0,0
NVDA,2025-04-17,104.44999694824219,104.47000122070312,100.05000305175781,101.48999786376953,101.48999786376953,290833400,-0.028711,108.7689998626709,43.67656132762788,-2.944071701017535,123.466486104093,94.0715136212488,8.845713479178292,4.201493387598808,0.9949674568341845,-975012900,0.22222222222222224,0,0,0,0,0
NVDA,2025-04-21,98.7699966430664,99.44000244140625,95.04000091552734,96.91000366210938,96.91000366210938,288501100,-0.045128,107.72950019836426,41.562457942635966,-3.5337755472093306,122.69173532540685,92.76726507132167,8.78428486415318,5.698145399805112,0.9977350080070807,-1263514000,0,0,0,0,0,0
NVDA,2025-04-22,98.77999877929688,99.80999755859375,97.27999877929688,98.88999938964844,98.88999938964844,241004800,0.020431,106.6034999847412,41.7424430875354,-3.7975749065905546,120.63892281334668,92.56807715613573,8.724999019077845,5.346255186624889,1.0023312468794054,-1022509200,0.2222222222222222,0,0,0,0,0
NVDA,2025-04-23,104.5199966430664,104.80000305175781,102.0199966430664,102.70999908447266,102.70999908447266,247526000,0.038629,105.70449981689453,44.62567937839091,-3.656248789064648,118.23870295591931,93.17029667786974,8.776427677699498,2.7008306888201146,0.9954770085891509,-774983200,0.6666666666666666,0,0,0,0,0
NVDA,2025-04-24,103.4800033569336,106.54000091552734,103.11000061035156,106.43000030517578,106.43000030517578,220815000,0.036218,105.3379997253418,53.464011413383425,-3.2071043114134454,117.32532660543647,93.35067284524713,8.419999258858818,3.268647748983889,1.010155653840411,-554168200,0.4444444444444444,0,0,0,0,0
NVDA,2025-04-25,106.8499984741211,111.91999816894531,105.7300033569336,111.01000213623047,111.01000213623047,250407100,0.043033,105.31699981689454,63.063209519175004,-2.4533060211876148,117.26296439923391,93.37103523455517,8.169998713902064,5.095268305399326,1.0132964239575522,-303761100,0.22222222222222224,0,0,0,0,0
MSFT,2025-02-25,401.1000061035156,401.9200134277344,396.70001220703125,397.8999938964844,397.8999938964844,29387400,0.000000,0,0,0,0,0,0,0,0.9976431335909434,0,0,0,0,0,0,0
MSFT,2025-02-26,398.010009765625,403.6000061035156,394.25,399.7300109863281,399.7300109863281,19619000,0.004599,0,0,0,0,0,0,0,1.001344391060443,19619000,0,0,0,0,0,0
MSFT,2025-02-27,401.2699890136719,405.739990234375,392.1700134277344,392.5299987792969,392.5299987792969,21127400,-0.018012,0,0,0,0,0,0,0,0.9892056667474528,-1508400,0,0,0,0,0,0
MSFT,2025-02-28,392.6600036621094,397.6300048828125,386.57000732421875,396.989990234375,396.989990234375,32845700,0.011362,0,0,0,0,0,0,0,1.008279758753041,31337300,0,0,0,0,0,0
MSFT,2025-03-03,398.82000732421875,398.82000732421875,386.1600036621094,388.489990234375,388.489990234375,23007700,-0.021411,0,0,0,0,0,0,4.077799575864334,0.9931825862533716,8329600,0,0,0,0,0,0
MSFT,2025-03-04,383.3999938964844,392.5799865722656,381,388.6099853515625,388.6099853515625,29342900,0.000309,0,0,0,0,0,0,4.487357818961416,1.0031320044216472,37672500,0,0,0,0,0,0
MSFT,2025-03-05,389.3399963378906,401.6700134277344,388.80999755859375,401.0199890136719,401.0199890136719,23433100,0.031934,0,0,0,0,0,0,4.871954283052361,1.009702028569883,61105600,0,0,0,0,0,0
MSFT,2025-03-06,394.2799987792969,402.1499938964844,392.67999267578125,396.8900146484375,396.8900146484375,23304600,-0.010299,0,0,0,0,0,0,5.003697871843282,0.9991189564039245,37801000,0,0,0,0,0,0
MSFT,2025-03-07,392.32000732421875,394.79998779296875,385.5400085449219,393.30999755859375,393.30999755859375,22034100,-0.009020,0,0,0,0,0,0,4.836455390697042,1.005350827599332,15766900,0,0,0,0,0,0
MSFT,2025-03-10,385.8399963378906,386.3999938964844,377.2200012207031,380.1600036621094,380.1600036621094,32840100,-0.033434,0,0,0,0,0,0,7.1925827243212,0.9971148404444119,-17073200,0,0,0,0,0,0
MSFT,2025-03-11,379,386,376.9100036621094,380.45001220703125,380.45001220703125,30380200,0.000763,0,0,0,0,0,0,8.570023871854241,0.9982420416840281,13307000,0,0,0,0,0,0
MSFT,2025-03-12,382.95001220703125,385.2200012207031,378.95001220703125,383.2699890136719,383.2699890136719,24253600,0.007412,0,0,0,0,0,0,6.943486979512482,1.0020654366194022,37560600,0,0,0,0,0,0
MSFT,2025-03-13,383.1600036621094,385.32000732421875,377.45001220703125,378.7699890136719,378.7699890136719,20473000,-0.011741,0,0,0,0,0,0,5.265845362236274,0.9954184334629035,17087600,0,0,0,0,0,0
MSFT,2025-03-14,379.7799987792969,390.2300109863281,379.510009765625,388.55999755859375,388.55999755859375,19952800,0.025847,0,0,0,0,0,0,3.4806506246084004,1.006371384139317,37040400,0,0,0,0,0,0
MSFT,2025-03-17,386.70001220703125,392.7099914550781,385.57000732421875,388.70001220703125,388.70001220703125,22474300,0.000360,0,43.69173066693786,0,0,0,10.715713500976562,4.083124704637944,0.9992459387847693,59514700,0,0,0,0,0,0
MSFT,2025-03-18,387.07000732421875,387.3699951171875,381.1000061035156,383.5199890136719,383.5199890136719,19486900,-0.013327,0,39.37326745667442,0,0,0,10.590713500976562,3.7258443377815413,0.9987586496362973,40027800,0,0,0,0,0,0
MSFT,2025-03-19,385.5299987792969,389.67999267578125,384,387.82000732421875,387.82000732421875,19185500,0.011212,0,46.79024818764249,0,0,0,10.061429704938616,3.852173627871508,1.0016874920126184,59213300,0,0,0,0,0,0
MSFT,2025-03-20,385.739990234375,391.7900085449219,383.2799987792969,386.8399963378906,386.8399963378906,18470500,-0.002527,0,42.73859827077357,0,0,0,9.879287719726562,1.9022830023847812,0.9988036813143389,40742800,0,0,0,0,0,0
MSFT,2025-03-21,383.2200012207031,391.739990234375,382.79998779296875,391.260009765625,391.260009765625,39675900,0.011426,0,52.10455634779898,0,0,0,9.613573346819196,2.524847558068426,1.0068451205931248,80418700,0,0,0,0,0,0
MSFT,2025-03-24,395.3999938964844,395.3999938964844,389.80999755859375,393.0799865722656,393.0799865722656,21004500,0.004652,389.89499816894534,53.31061957743734,0,402.7573791376829,377.03261720020777,9.185716901506696,3.36488818885938,1.0008062376046376,101423200,1,0,0,0,0,0
MSFT,2025-03-25,393.9200134277344,396.3599853515625,392.6400146484375,395.1600036621094,395.1600036621094,15775000,0.005292,389.75799865722655,44.8758483323691,0,402.3315357080776,377.1844616063755,8.518569946289062,3.1297426349475113,1.0011147204095194,117198200,1,0,0,0,0,0
MSFT,2025-03-26,395,395.30999755859375,388.57000732421875,389.9700012207031,389.9700012207031,16108400,-0.013134,389.26999816894534,44.059062749061916,0,400.98588648788666,377.554109850004,8.323569161551339,2.818612741090951,0.9966435213861056,101089800,1,0,0,0,0,0
MSFT,2025-03-27,390.1300048828125,392.239990234375,387.3999938964844,390.5799865722656,390.5799865722656,13766800,0.001564,389.17249755859376,47.53029806928318,0,400.8104401067119,377.53455501047563,7.858568464006696,1.888725131446746,1.0012988917055985,114856600,0,0,0,0,0,0
MSFT,2025-03-28,388.0799865722656,389.1300048828125,376.92999267578125,378.79998779296875,378.79998779296875,21632000,-0.030160,388.26299743652345,48.73839101753654,0,400.15535205138144,376.37064282166546,7.684282575334821,5.669706516518876,0.9926104308990602,93224600,0,0,0,0,0,0
MSFT,2025-03-31,372.5400085449219,377.07000732421875,367.239990234375,375.3900146484375,375.3900146484375,35184700,-0.009002,387.6079986572266,45.56296402545021,0,400.75503013617373,374.4609671782794,7.860711233956473,7.5505340007445385,1.0057783617645304,58039900,0.2222222222222222,0,0,0,0,0
MSFT,2025-04-01,374.6499938964844,382.8500061035156,373.2300109863281,382.19000244140625,382.19000244140625,19689500,0.018114,387.28699951171876,49.11476554757263,0,400.63250122707456,373.94149779636297,8.099997384207589,6.024951696764905,1.0072917564818116,77729400,0.8888888888888888,0,0,0,0,0
MSFT,2025-04-02,377.9700012207031,385.0799865722656,376.6199951171875,382.1400146484375,382.1400146484375,16092600,-0.000131,386.343000793457,52.97968571491789,-2.931951615042294,398.2642915045614,374.4217100823526,8.142139979771205,5.04860101968959,1.0022556018461342,61636800,1.5555555555555554,0,0,0,0,0
MSFT,2025-04-03,374.7900085449219,377.4800109863281,369.3500061035156,373.1099853515625,373.1099853515625,30198000,-0.023630,385.1539993286133,36.153431269582875,-3.6715537031301437,397.370255447847,372.93774320937956,8.237139020647321,3.6201852392073,0.9994552865462534,31438800,1.3333333333333333,0,0,0,0,0
MSFT,2025-04-04,364.1300048828125,374.5899963378906,359.4800109863281,359.8399963378906,359.8399963378906,49209900,-0.035566,383.4804992675781,29.062673936213315,-5.267747582886386,399.3830208226948,367.57797771246146,8.806424822126116,8.187064854200388,0.9868453395615144,-17771100,0.8888888888888888,0,0,0,0,0
MSFT,2025-04-07,350.8800048828125,371,344.7900085449219,357.8599853515625,357.8599853515625,50425000,-0.005502,382.3654983520508,30.477782116941015,-6.616245116272751,401.78183920442063,362.94915749968095,10.135709490094866,10.497331725519171,0.9999347665978717,-68196100,1.0555555555555556,0,0,0,0,0
MSFT,2025-04-08,368.260009765625,373.6499938964844,350.25,354.55999755859375,354.55999755859375,35868900,-0.009221,381.0709976196289,24.304677980934983,-7.860608362481571,403.96612201219506,358.1758732270627,11.367137363978795,10.439263032757992,0.9862952739124282,-104065000,1.5555555555555554,0,0,0,0,0
MSFT,2025-04-09,353.5400085449219,393.2300109863281,353.1000061035156,390.489990234375,390.489990234375,50199700,0.101337,381.43199768066404,51.831040252787446,-5.879747007312346,404.67940202007196,358.1845933412561,13.625708443777901,13.25535996268157,1.0304797269186556,-53865300,1.6666666666666667,0,0,0,0,0
MSFT,2025-04-10,382.05999755859375,383.8999938964844,367.79998779296875,381.3500061035156,381.3500061035156,38024400,-0.023406,381.5609985351563,45.25337150932469,-4.989899984415786,404.77649616353375,358.3455009067788,14.607851300920759,14.357573515091623,1.0097083364689008,-91889700,1.0555555555555556,0,0,0,0,0
MSFT,2025-04-11,380.6400146484375,390.04998779296875,378.8900146484375,388.45001220703125,388.45001220703125,23839200,0.018618,381.5554992675781,47.88913268209474,-3.669479180618964,404.76441379569997,358.34658473945626,15.005706787109375,15.308103589087649,1.0068775623358683,-68050500,1.6666666666666667,0,0,0,0,0
MSFT,2025-04-14,393.2200012207031,394.6499938964844,384.2099914550781,387.80999755859375,387.80999755859375,19251200,-0.001648,381.51099853515626,46.60444908880047,-2.6441993298772672,404.6683025461801,358.35369452413244,15.485709054129464,13.341962225124899,0.9972228734073596,-87301700,1.7777777777777777,0,0,0,0,0
MSFT,2025-04-15,388.510009765625,391.8900146484375,384.1600036621094,385.7300109863281,385.7300109863281,17199900,-0.005363,381.6214996337891,47.98326061017776,-1.9767089246064984,404.8371127368682,358.40588653070995,15.556424822126116,3.1048412005977615,0.9960491691868136,-104501600,1.3333333333333333,0,0,0,0,0
MSFT,2025-04-16,380.6700134277344,381.6099853515625,368,371.6099853515625,371.6099853515625,21967800,-0.036606,380.8109985351563,42.00454972606719,-2.5576035702633817,404.23531982212853,357.386677248184,16.477140154157365,6.208801548609959,0.994300837645239,-126469400,1.111111111111111,0,0,0,0,0
MSFT,2025-04-17,373.75,374.32000732421875,366.8900146484375,367.7799987792969,367.7799987792969,20943700,-0.010306,379.8579986572266,45.02168739544734,-3.289099972821816,403.7694524129549,355.94654490149827,16.032854352678573,8.770081949529581,0.9949052522490405,-147413100,0.8888888888888888,0,0,0,0,0
MSFT,2025-04-21,362.82000732421875,364.4800109863281,355.6700134277344,359.1199951171875,359.1199951171875,20807300,-0.023547,378.25099792480466,42.98282560202001,-4.51555357211339,403.17968826341735,353.322307586192,16.072139195033483,10.892968657214595,0.9982302536481862,-168220400,1.6666666666666667,0,0,0,0,0
MSFT,2025-04-22,363.3800048828125,367.7699890136719,359.8599853515625,366.82000732421875,366.82000732421875,19485000,0.021441,376.93799896240233,43.42206930203229,-4.810744978722653,401.36539066225833,352.51060726254633,16.002853393554688,8.75460843882094,1.0054913795822131,-148735400,0.888888888888889,0,0,0,0,0
MSFT,2025-04-23,376.05999755859375,380.3900146484375,373.0199890136719,374.3900146484375,374.3900146484375,20545500,0.020637,375.8994995117188,46.8837966555591,-4.3833217645475315,398.8619404660147,352.93705855742286,16.367854527064733,5.179650018162274,0.995894684970683,-128189900,0.7777777777777778,0,0,0,0,0
MSFT,2025-04-24,375.70001220703125,388.45001220703125,375.19000244140625,387.29998779296875,387.29998779296875,22232300,0.034483,375.76599884033203,55.53302838756355,-2.968638234623768,398.4287618626151,353.103235818049,16.458568028041295,9.44588210188467,1.0095226170905967,-105957600,0.4444444444444444,0,0,0,0,0
MSFT,2025-04-25,387,392.1600036621094,384.6000061035156,391.8500061035156,391.8500061035156,18963600,0.011748,375.82949981689455,63.392187745779985,-1.4634728888607356,398.66440532867887,352.99459430511024,15.919283185686384,12.252813742902276,1.0059386812941569,-86994000,0.4444444444444444,0,0,0,0,0
GOOG,2025-02-25,180.15499877929688,180.75999450683594,176.77000427246094,177.3699951171875,177.3699951171875,20832500,0.000000,0,0,0,0,0,0,0,0.9947840557548001,0,0,0,0,0,0,0
GOOG,2025-02-26,176.94500732421875,178.0800018310547,173.58999633789062,174.6999969482422,174.6999969482422,23637200,-0.015053,0,0,0,0,0,0,0,0.9956874360364033,-23637200,0,0,0,0,0,0
GOOG,2025-02-27,175.94000244140625,176.58999633789062,169.7519989013672,170.2100067138672,170.2100067138672,25930500,-0.025701,0,0,0,0,0,0,0,0.98853555539591,-49567700,0,0,0,0,0,0
GOOG,2025-02-28,170.3000030517578,172.5,168.38999938964844,172.22000122070312,172.22000122070312,30049800,0.011809,0,0,0,0,0,0,0,1.0069186003927717,-19517900,0,0,0,0,0,0
GOOG,2025-03-03,173.72999572753906,175,167.63999938964844,168.66000366210938,168.66000366210938,24122000,-0.020671,0,0,0,0,0,0,3.1156944166224,0.989595165199146,-43639900,0,0,0,0,0,0
GOOG,2025-03-04,167.94000244140625,175.1649932861328,167.5399932861328,172.61000061035156,172.61000061035156,30711400,0.023420,0,0,0,0,0,0,2.076446106362447,1.0048805385269073,-12928500,0,0,0,0,0,0
GOOG,2025-03-05,172.32000732421875,175.75,170.92999267578125,174.99000549316406,174.99000549316406,18848000,0.013788,0,0,0,0,0,0,2.162270792812705,1.0063258732956273,5919500,0,0,0,0,0,0
GOOG,2025-03-06,172.5500030517578,176.72999572753906,172.50799560546875,174.2100067138672,174.2100067138672,19082400,-0.004457,0,0,0,0,0,0,2.1887485144657175,0.9984373272830815,-13162900,0,0,0,0,0,0
GOOG,2025-03-07,173.24200439453125,176.89999389648438,172.25,175.75,175.75,16395300,0.008840,0,0,0,0,0,0,2.5170108384832393,1.0044770549263504,3232400,0,0,0,0,0,0
GOOG,2025-03-10,170.16000366210938,170.4499969482422,165.56500244140625,167.80999755859375,167.80999755859375,28990700,-0.045178,0,0,0,0,0,0,2.8301088827283567,0.9992159891334222,-25758300,0,0,0,0,0,0
GOOG,2025-03-11,166.67999267578125,168.65499877929688,163.24000549316406,165.97999572753906,165.97999572753906,23705900,-0.010905,0,0,0,0,0,0,4.034000921975013,1.0001305291139686,-49464200,0,0,0,0,0,0
GOOG,2025-03-12,168.47000122070312,169.52999877929688,165.47999572753906,169,169,19880100,0.018195,0,0,0,0,0,0,3.7744059552405416,1.0059324329393302,-29584100,0,0,0,0,0,0
GOOG,2025-03-13,167.97999572753906,168.1199951171875,164.07000732421875,164.72999572753906,164.72999572753906,15206200,-0.025266,0,0,0,0,0,0,3.840140114644428,0.9945061358037759,-44790300,0,0,0,0,0,0
GOOG,2025-03-14,165.31500244140625,168.25,164.50999450683594,167.6199951171875,167.6199951171875,18611100,0.017544,0,0,0,0,0,0,1.4986593336522587,1.004956224827061,-26179200,0,0,0,0,0,0
GOOG,2025-03-17,167.3249969482422,168.4600067138672,165.80999755859375,166.57000732421875,166.57000732421875,17839100,-0.006264,0,37.25814732697394,0,0,0,5.363214765276227,1.4505594144216922,0.9977438112014633,-44018300,0,0,0,0,0,0
GOOG,2025-03-18,165.9600067138672,166.44000244140625,158.8000030517578,162.6699981689453,162.6699981689453,24616800,-0.023414,0,36.207288672173505,0,0,0,5.597500392368862,2.2172729394698387,1.0002049370662132,-68635100,0,0,0,0,0,0
GOOG,2025-03-19,163.9149932861328,168.13299560546875,163.0500030517578,166.27999877929688,166.27999877929688,24955700,0.022192,0,45.40134761581843,0,0,0,5.4992861066545755,1.721750895601201,1.0027680428664303,-43679400,0,0,0,0,0,0
GOOG,2025-03-20,163.8249969482422,167.02999877929688,163.13999938964844,165.0500030517578,165.0500030517578,19981500,-0.007397,0,41.45411359887387,0,0,0,5.48357173374721,1.694926547662528,0.9998586647040565,-63660900,0,0,0,0,0,0
GOOG,2025-03-21,163.3800048828125,166.47000122070312,163.02999877929688,166.25,166.25,29882100,0.007271,0,46.95629718990044,0,0,0,5.203571864536831,1.4446275214714221,1.006051437216339,-33778800,0,0,0,0,0,0
GOOG,2025-03-24,169.26499938964844,170.5,167.44000244140625,169.92999267578125,169.92999267578125,18742800,0.022135,169.63050003051757,46.59205432937182,0,177.83097779182032,161.43002226921482,4.962500435965402,2.3482192688048564,1.0037804613948758,-15036000,0,0,0,0,0,0
GOOG,2025-03-25,171.17999267578125,172.91000366210938,170.5500030517578,172.7899932861328,172.7899932861328,13841600,0.016830,169.40149993896483,47.23616472136216,0,176.95494908707158,161.84805079085808,4.831072126116071,2.8766054671587864,1.0041064985150574,-1194400,0,0,0,0,0,0
GOOG,2025-03-26,171.3000030517578,171.94000244140625,166.86099243164062,167.13999938964844,167.13999938964844,22498000,-0.032699,169.02350006103515,42.086400236106535,0,176.22704927219644,161.81995084987386,4.953000749860491,2.7894220130716127,0.9910641830865309,-23692400,0,0,0,0,0,0
GOOG,2025-03-27,166.7100067138672,167.44000244140625,163.85000610351562,164.0800018310547,164.0800018310547,21571200,-0.018308,168.71699981689454,37.36739401679558,0,176.20842337864238,161.2255762551467,4.877286638532366,3.0275460385663693,0.9936814808784309,-45263600,0,0,0,0,0,0
GOOG,2025-03-28,162.36000061035156,163.80999755859375,155.33900451660156,156.05999755859375,156.05999755859375,34866500,-0.048879,167.90899963378905,37.302784968753606,0,177.0246843181244,158.7933149494537,4.774143763950893,5.750452006054667,0.9852085988198359,-80130100,0,0,0,0,0,0
GOOG,2025-03-31,154.80999755859375,157.1300048828125,152.2100067138672,156.22999572753906,156.22999572753906,33591600,0.001089,167.28749923706056,39.07195337191643,0,177.71427636760387,156.86072210651724,4.738786969866071,6.446837449903433,1.0067014193554478,-46538500,-0.16666666666666666,0,0,0,0,0
GOOG,2025-04-01,155.3000030517578,160.0800018310547,155.2550048828125,158.8800048828125,158.8800048828125,20111400,0.016962,166.6009994506836,38.562389973897254,0,177.3389667440238,155.86303215734338,4.7941436767578125,4.415303552968255,1.0051137205538745,-26427100,-0.16666666666666666,0,0,0,0,0
GOOG,2025-04-02,156.9600067138672,160.27499389648438,156.52999877929688,158.86000061035156,158.86000061035156,17113300,-0.000126,165.79449920654298,42.660669479056644,-3.7234513490445806,176.31170887216715,155.27728954091882,4.709500994001116,2.898224818849683,1.00192364070898,-43540400,-0.05555555555555556,0,0,0,0,0
GOOG,2025-04-03,152.8350067138672,154.68699645996094,152.17999267578125,152.6300048828125,152.6300048828125,28416100,-0.039217,164.71549911499022,32.70252148662135,-4.264065248374209,175.96055861679613,153.4704396131843,4.919501168387277,2.3009681680257605,0.996502742366031,-71956500,0.1111111111111111,0,0,0,0,0
GOOG,2025-04-04,149.89999389648438,153.08999633789062,147.5399932861328,147.74000549316406,147.74000549316406,39832200,-0.032038,163.31499938964845,30.040277123169844,-5.029115231942029,175.6392519049575,150.9907468743394,5.126643589564732,4.235663165281317,0.9885139980512092,-111788700,0.1111111111111111,0,0,0,0,0
GOOG,2025-04-07,143.38999938964844,154.92999267578125,142.66000366210938,149.24000549316406,149.24000549316406,47823000,0.010153,162.38649978637696,35.00112131847966,-5.451543393062764,175.95185429473577,148.82114527801815,5.4480710710797995,4.685115618310505,1.0019918417402374,-63965700,0.5,0,0,0,0,0
GOOG,2025-04-08,153.5749969482422,154.44000244140625,145.2100067138672,146.5800018310547,146.5800018310547,35304400,-0.017824,161.41650009155273,27.521679010316575,-5.93257380125371,176.50429907656397,146.3287011065415,5.717142377580915,4.420351882115599,0.9854559188459359,-99270100,1,0,0,0,0,0
GOOG,2025-04-09,146.3300018310547,161.8699951171875,145.80999755859375,161.05999755859375,161.05999755859375,46479500,0.098786,161.0194999694824,46.504287674869836,-5.086742424263406,175.70060232807006,146.33839761089476,6.586427961077009,5.217460718129484,1.0308059963780476,-52790600,1.3333333333333333,0,0,0,0,0
GOOG,2025-04-10,158.75999450683594,160.02999877929688,152.1999969482422,155.3699951171875,155.3699951171875,35270500,-0.035328,160.55149993896484,41.16308860111898,-4.819988777511213,175.32608946321827,145.7769104147114,6.973570687430246,5.451273354014938,0.9968135040155319,-88061100,0.8333333333333334,0,0,0,0,0
GOOG,2025-04-11,155.5850067138672,159.86000061035156,155.5850067138672,159.39999389648438,159.39999389648438,22582000,0.025938,160.1404998779297,41.49572108187298,-4.23458372398639,174.5587272247903,145.7222725310691,6.990713936941964,5.6222737534045555,1.0070654223170197,-65479100,0.3333333333333333,0,0,0,0,0
GOOG,2025-04-14,162.30999755859375,164.02999877929688,159.9199981689453,161.47000122070312,161.47000122070312,18255900,0.012986,159.8854995727539,40.73953685888194,-3.5625468872530632,174.01741312920157,145.75358601630623,7.108570643833706,5.535464838699531,0.9979193389010635,-47223200,0,0,0,0,0,0
GOOG,2025-04-15,161.57000732421875,162.0500030517578,157.64500427246094,158.67999267578125,158.67999267578125,15690800,-0.017279,159.6859992980957,42.739441228937004,-3.2179882593531772,173.76760937002447,145.60438922616694,6.9997133527483255,2.1721767369107807,0.9951188461507054,-62914000,0.5,0,0,0,0,0
GOOG,2025-04-16,155.47000122070312,158.17999267578125,153.91000366210938,155.5,155.5,16921500,-0.020040,159.14699935913086,42.65159397834758,-3.1650373169371733,173.0011687919819,145.2928299262798,7.083998543875558,2.3492522204158393,0.9976689057797913,-79835500,0.7222222222222222,0,0,0,0,0
GOOG,2025-04-17,156.61000061035156,157.07000732421875,150.89999389648438,153.36000061035156,153.36000061035156,19513400,-0.013762,158.56249923706054,47.42857508237564,-3.258194936532675,172.35743415854475,144.76756431557632,6.900356837681362,2.8891953337015313,0.9972904428607751,-99348900,0.9444444444444443,0,0,0,0,0
GOOG,2025-04-21,150.96499633789062,151.05999755859375,148.39999389648438,149.86000061035156,149.86000061035156,16147800,-0.022822,157.7429992675781,44.29518792109926,-3.5732535281071023,171.56114210811907,143.92485642703716,6.903214590890067,4.043935735689333,1.0005786739299753,-115496700,0.6666666666666666,0,0,0,0,0
GOOG,2025-04-22,151.07000732421875,154.61000061035156,150.8699951171875,153.89999389648438,153.89999389648438,15910300,0.026958,156.94149932861328,45.648365186921495,-3.4570948003544686,169.65450996115365,144.2284886960729,6.897857666015625,2.8765789813169658,1.0050502680086881,-99586400,0.5555555555555555,0,0,0,0,0
GOOG,2025-04-23,157.91000366210938,160.02000427246094,156.35000610351562,157.72000122070312,157.72000122070312,18575700,0.024821,156.1879997253418,49.065880604860155,-3.0219602293814773,166.6395954709423,145.73640397974128,7.067501613071987,2.5932406354157385,0.9980383304608377,-81010700,1,0,0,0,0,0
GOOG,2025-04-24,158.52499389648438,161.7100067138672,158.08999633789062,161.47000122070312,161.47000122070312,30787500,0.023776,155.90449981689454,57.55038866376922,-2.3474592381134016,165.41791211044628,146.3910875233428,6.875358581542969,3.9808368182387803,1.006524402854475,-50223200,0.7777777777777778,0,0,0,0,0
GOOG,2025-04-25,167.10000610351562,168.24000549316406,163,163.85000610351562,163.85000610351562,35105800,0.014740,155.89300003051758,64.37622396399983,-1.602394433925582,165.36733018521423,146.41866987582094,6.962501525878906,5.047049102551894,0.9928497986159804,-15117400,1.3333333333333333,0,0,0,0,0
